{
  "title": "",
  "ctx": null,
  "suites": [
    {
      "title": "JOSE Tests",
      "ctx": null,
      "suites": [
        {
          "title": "independent",
          "ctx": null,
          "suites": [],
          "tests": [
            {
              "type": "test",
              "title": "1. JWT Basic Credential Issuance",
              "body": "async function() {\n            if (!features[requiredFeature]) {\n              console.log(`Skipping test \"${testName}\" for ${i.name} due to missing feature: ${requiredFeature}`);\n              this.skip();\n              return;\n            }\n\n            console.log(`Running test: ${testName} for implementation: ${i.name}`);\n            await generateTestResults(i.name, testConfig);\n            this.test.cell = {columnId: i.name, rowId: testName};\n            const result = await checkTestResults(i.name, testConfig);\n            console.log(`Test result for ${i.name} - ${testName}: ${result}`);\n            should.equal(result, testConfig.expected_result);\n\n            // Log the test result in a format that matches the report generator's expectations\n            console.log(`Reporter data: ${this.test.cell.columnId},${this.test.cell.rowId},${result}`);\n          }",
              "async": 0,
              "sync": true,
              "_timeout": 150000,
              "_slow": 75,
              "_retries": -1,
              "timedOut": false,
              "_currentRetry": 0,
              "pending": false,
              "file": "/home/runner/work/w3c-vc-jose-cose-test-suite/w3c-vc-jose-cose-test-suite/tests/test-runner.js",
              "parent": "Dl0nygqR6d-R-0X22bADF",
              "ctx": null,
              "_testId": "urn:uuid:389f9f22-7e85-45fb-a24b-a2481312fdae",
              "_events": {},
              "_eventsCount": 1,
              "timer": {
                "_idleTimeout": -1,
                "_idlePrev": null,
                "_idleNext": null,
                "_idleStart": 38481,
                "_onTimeout": null,
                "_repeat": null,
                "_destroyed": true
              },
              "cell": {
                "columnId": "independent",
                "rowId": "1. JWT Basic Credential Issuance"
              },
              "duration": 38451,
              "state": "passed",
              "speed": "slow"
            },
            {
              "type": "test",
              "title": "2. JWT Credential Issuance with All Optional Fields",
              "body": "async function() {\n            if (!features[requiredFeature]) {\n              console.log(`Skipping test \"${testName}\" for ${i.name} due to missing feature: ${requiredFeature}`);\n              this.skip();\n              return;\n            }\n\n            console.log(`Running test: ${testName} for implementation: ${i.name}`);\n            await generateTestResults(i.name, testConfig);\n            this.test.cell = {columnId: i.name, rowId: testName};\n            const result = await checkTestResults(i.name, testConfig);\n            console.log(`Test result for ${i.name} - ${testName}: ${result}`);\n            should.equal(result, testConfig.expected_result);\n\n            // Log the test result in a format that matches the report generator's expectations\n            console.log(`Reporter data: ${this.test.cell.columnId},${this.test.cell.rowId},${result}`);\n          }",
              "async": 0,
              "sync": true,
              "_timeout": 150000,
              "_slow": 75,
              "_retries": -1,
              "timedOut": false,
              "_currentRetry": 0,
              "pending": false,
              "file": "/home/runner/work/w3c-vc-jose-cose-test-suite/w3c-vc-jose-cose-test-suite/tests/test-runner.js",
              "parent": "Dl0nygqR6d-R-0X22bADF",
              "ctx": null,
              "_testId": "urn:uuid:a15fea0a-761d-4e3b-9bb1-211aeddf264d",
              "_events": {},
              "_eventsCount": 1,
              "timer": {
                "_idleTimeout": -1,
                "_idlePrev": null,
                "_idleNext": null,
                "_idleStart": 38942,
                "_onTimeout": null,
                "_repeat": null,
                "_destroyed": true
              },
              "cell": {
                "columnId": "independent",
                "rowId": "2. JWT Credential Issuance with All Optional Fields"
              },
              "duration": 459,
              "state": "passed",
              "speed": "slow"
            },
            {
              "type": "test",
              "title": "3. JWT Basic Presentation Issuance",
              "body": "async function() {\n            if (!features[requiredFeature]) {\n              console.log(`Skipping test \"${testName}\" for ${i.name} due to missing feature: ${requiredFeature}`);\n              this.skip();\n              return;\n            }\n\n            console.log(`Running test: ${testName} for implementation: ${i.name}`);\n            await generateTestResults(i.name, testConfig);\n            this.test.cell = {columnId: i.name, rowId: testName};\n            const result = await checkTestResults(i.name, testConfig);\n            console.log(`Test result for ${i.name} - ${testName}: ${result}`);\n            should.equal(result, testConfig.expected_result);\n\n            // Log the test result in a format that matches the report generator's expectations\n            console.log(`Reporter data: ${this.test.cell.columnId},${this.test.cell.rowId},${result}`);\n          }",
              "async": 0,
              "sync": true,
              "_timeout": 150000,
              "_slow": 75,
              "_retries": -1,
              "timedOut": false,
              "_currentRetry": 0,
              "pending": false,
              "file": "/home/runner/work/w3c-vc-jose-cose-test-suite/w3c-vc-jose-cose-test-suite/tests/test-runner.js",
              "parent": "Dl0nygqR6d-R-0X22bADF",
              "ctx": null,
              "_testId": "urn:uuid:cab08ba6-ed45-4a98-a4f3-30c4075732d8",
              "_events": {},
              "_eventsCount": 1,
              "timer": {
                "_idleTimeout": -1,
                "_idlePrev": null,
                "_idleNext": null,
                "_idleStart": 39397,
                "_onTimeout": null,
                "_repeat": null,
                "_destroyed": true
              },
              "cell": {
                "columnId": "independent",
                "rowId": "3. JWT Basic Presentation Issuance"
              },
              "duration": 454,
              "state": "passed",
              "speed": "slow"
            },
            {
              "type": "test",
              "title": "4. JWT Complex Presentation Issuance",
              "body": "async function() {\n            if (!features[requiredFeature]) {\n              console.log(`Skipping test \"${testName}\" for ${i.name} due to missing feature: ${requiredFeature}`);\n              this.skip();\n              return;\n            }\n\n            console.log(`Running test: ${testName} for implementation: ${i.name}`);\n            await generateTestResults(i.name, testConfig);\n            this.test.cell = {columnId: i.name, rowId: testName};\n            const result = await checkTestResults(i.name, testConfig);\n            console.log(`Test result for ${i.name} - ${testName}: ${result}`);\n            should.equal(result, testConfig.expected_result);\n\n            // Log the test result in a format that matches the report generator's expectations\n            console.log(`Reporter data: ${this.test.cell.columnId},${this.test.cell.rowId},${result}`);\n          }",
              "async": 0,
              "sync": true,
              "_timeout": 150000,
              "_slow": 75,
              "_retries": -1,
              "timedOut": false,
              "_currentRetry": 0,
              "pending": false,
              "file": "/home/runner/work/w3c-vc-jose-cose-test-suite/w3c-vc-jose-cose-test-suite/tests/test-runner.js",
              "parent": "Dl0nygqR6d-R-0X22bADF",
              "ctx": null,
              "_testId": "urn:uuid:573c4a0d-2a5b-49b0-a908-7cee848ee8a4",
              "_events": {},
              "_eventsCount": 1,
              "timer": {
                "_idleTimeout": -1,
                "_idlePrev": null,
                "_idleNext": null,
                "_idleStart": 39849,
                "_onTimeout": null,
                "_repeat": null,
                "_destroyed": true
              },
              "cell": {
                "columnId": "independent",
                "rowId": "4. JWT Complex Presentation Issuance"
              },
              "duration": 451,
              "state": "passed",
              "speed": "slow"
            },
            {
              "type": "test",
              "title": "5. JWT Issuance with Unknown Extensions",
              "body": "async function() {\n            if (!features[requiredFeature]) {\n              console.log(`Skipping test \"${testName}\" for ${i.name} due to missing feature: ${requiredFeature}`);\n              this.skip();\n              return;\n            }\n\n            console.log(`Running test: ${testName} for implementation: ${i.name}`);\n            await generateTestResults(i.name, testConfig);\n            this.test.cell = {columnId: i.name, rowId: testName};\n            const result = await checkTestResults(i.name, testConfig);\n            console.log(`Test result for ${i.name} - ${testName}: ${result}`);\n            should.equal(result, testConfig.expected_result);\n\n            // Log the test result in a format that matches the report generator's expectations\n            console.log(`Reporter data: ${this.test.cell.columnId},${this.test.cell.rowId},${result}`);\n          }",
              "async": 0,
              "sync": true,
              "_timeout": 150000,
              "_slow": 75,
              "_retries": -1,
              "timedOut": false,
              "_currentRetry": 0,
              "pending": false,
              "file": "/home/runner/work/w3c-vc-jose-cose-test-suite/w3c-vc-jose-cose-test-suite/tests/test-runner.js",
              "parent": "Dl0nygqR6d-R-0X22bADF",
              "ctx": null,
              "_testId": "urn:uuid:2669e000-5313-4786-a830-35311ad64292",
              "_events": {},
              "_eventsCount": 1,
              "timer": {
                "_idleTimeout": -1,
                "_idlePrev": null,
                "_idleNext": null,
                "_idleStart": 40297,
                "_onTimeout": null,
                "_repeat": null,
                "_destroyed": true
              },
              "cell": {
                "columnId": "independent",
                "rowId": "5. JWT Issuance with Unknown Extensions"
              },
              "duration": 448,
              "state": "passed",
              "speed": "slow"
            },
            {
              "type": "test",
              "title": "6. JWT Basic Credential Verification",
              "body": "async function() {\n            if (!features[requiredFeature]) {\n              console.log(`Skipping test \"${testName}\" for ${i.name} due to missing feature: ${requiredFeature}`);\n              this.skip();\n              return;\n            }\n\n            console.log(`Running test: ${testName} for implementation: ${i.name}`);\n            await generateTestResults(i.name, testConfig);\n            this.test.cell = {columnId: i.name, rowId: testName};\n            const result = await checkTestResults(i.name, testConfig);\n            console.log(`Test result for ${i.name} - ${testName}: ${result}`);\n            should.equal(result, testConfig.expected_result);\n\n            // Log the test result in a format that matches the report generator's expectations\n            console.log(`Reporter data: ${this.test.cell.columnId},${this.test.cell.rowId},${result}`);\n          }",
              "async": 0,
              "sync": true,
              "_timeout": 150000,
              "_slow": 75,
              "_retries": -1,
              "timedOut": false,
              "_currentRetry": 0,
              "pending": false,
              "file": "/home/runner/work/w3c-vc-jose-cose-test-suite/w3c-vc-jose-cose-test-suite/tests/test-runner.js",
              "parent": "Dl0nygqR6d-R-0X22bADF",
              "ctx": null,
              "_testId": "urn:uuid:de32671c-0288-478b-b75e-6dd53541ba7e",
              "_events": {},
              "_eventsCount": 1,
              "timer": {
                "_idleTimeout": -1,
                "_idlePrev": null,
                "_idleNext": null,
                "_idleStart": 40743,
                "_onTimeout": null,
                "_repeat": null,
                "_destroyed": true
              },
              "cell": {
                "columnId": "independent",
                "rowId": "6. JWT Basic Credential Verification"
              },
              "duration": 445,
              "state": "passed",
              "speed": "slow"
            },
            {
              "type": "test",
              "title": "7. JWT Presentation Verification",
              "body": "async function() {\n            if (!features[requiredFeature]) {\n              console.log(`Skipping test \"${testName}\" for ${i.name} due to missing feature: ${requiredFeature}`);\n              this.skip();\n              return;\n            }\n\n            console.log(`Running test: ${testName} for implementation: ${i.name}`);\n            await generateTestResults(i.name, testConfig);\n            this.test.cell = {columnId: i.name, rowId: testName};\n            const result = await checkTestResults(i.name, testConfig);\n            console.log(`Test result for ${i.name} - ${testName}: ${result}`);\n            should.equal(result, testConfig.expected_result);\n\n            // Log the test result in a format that matches the report generator's expectations\n            console.log(`Reporter data: ${this.test.cell.columnId},${this.test.cell.rowId},${result}`);\n          }",
              "async": 0,
              "sync": true,
              "_timeout": 150000,
              "_slow": 75,
              "_retries": -1,
              "timedOut": false,
              "_currentRetry": 0,
              "pending": false,
              "file": "/home/runner/work/w3c-vc-jose-cose-test-suite/w3c-vc-jose-cose-test-suite/tests/test-runner.js",
              "parent": "Dl0nygqR6d-R-0X22bADF",
              "ctx": null,
              "_testId": "urn:uuid:d76cf876-eb8b-4e39-9c23-afe51cc50e4d",
              "_events": {},
              "_eventsCount": 1,
              "timer": {
                "_idleTimeout": -1,
                "_idlePrev": null,
                "_idleNext": null,
                "_idleStart": 41192,
                "_onTimeout": null,
                "_repeat": null,
                "_destroyed": true
              },
              "cell": {
                "columnId": "independent",
                "rowId": "7. JWT Presentation Verification"
              },
              "duration": 449,
              "state": "passed",
              "speed": "slow"
            },
            {
              "type": "test",
              "title": "8. JWT Issuer Match Verification",
              "body": "async function() {\n            if (!features[requiredFeature]) {\n              console.log(`Skipping test \"${testName}\" for ${i.name} due to missing feature: ${requiredFeature}`);\n              this.skip();\n              return;\n            }\n\n            console.log(`Running test: ${testName} for implementation: ${i.name}`);\n            await generateTestResults(i.name, testConfig);\n            this.test.cell = {columnId: i.name, rowId: testName};\n            const result = await checkTestResults(i.name, testConfig);\n            console.log(`Test result for ${i.name} - ${testName}: ${result}`);\n            should.equal(result, testConfig.expected_result);\n\n            // Log the test result in a format that matches the report generator's expectations\n            console.log(`Reporter data: ${this.test.cell.columnId},${this.test.cell.rowId},${result}`);\n          }",
              "async": 0,
              "sync": true,
              "_timeout": 150000,
              "_slow": 75,
              "_retries": -1,
              "timedOut": false,
              "_currentRetry": 0,
              "pending": false,
              "file": "/home/runner/work/w3c-vc-jose-cose-test-suite/w3c-vc-jose-cose-test-suite/tests/test-runner.js",
              "parent": "Dl0nygqR6d-R-0X22bADF",
              "ctx": null,
              "_testId": "urn:uuid:6e26e284-fc55-402c-a6ca-39f51868de6b",
              "_events": {},
              "_eventsCount": 1,
              "timer": {
                "_idleTimeout": -1,
                "_idlePrev": null,
                "_idleNext": null,
                "_idleStart": 41629,
                "_onTimeout": null,
                "_repeat": null,
                "_destroyed": true
              },
              "cell": {
                "columnId": "independent",
                "rowId": "8. JWT Issuer Match Verification"
              },
              "duration": 437,
              "state": "passed",
              "speed": "slow"
            },
            {
              "type": "test",
              "title": "9. JWT Verification With Unknown Extensions",
              "body": "async function() {\n            if (!features[requiredFeature]) {\n              console.log(`Skipping test \"${testName}\" for ${i.name} due to missing feature: ${requiredFeature}`);\n              this.skip();\n              return;\n            }\n\n            console.log(`Running test: ${testName} for implementation: ${i.name}`);\n            await generateTestResults(i.name, testConfig);\n            this.test.cell = {columnId: i.name, rowId: testName};\n            const result = await checkTestResults(i.name, testConfig);\n            console.log(`Test result for ${i.name} - ${testName}: ${result}`);\n            should.equal(result, testConfig.expected_result);\n\n            // Log the test result in a format that matches the report generator's expectations\n            console.log(`Reporter data: ${this.test.cell.columnId},${this.test.cell.rowId},${result}`);\n          }",
              "async": 0,
              "sync": true,
              "_timeout": 150000,
              "_slow": 75,
              "_retries": -1,
              "timedOut": false,
              "_currentRetry": 0,
              "pending": false,
              "file": "/home/runner/work/w3c-vc-jose-cose-test-suite/w3c-vc-jose-cose-test-suite/tests/test-runner.js",
              "parent": "Dl0nygqR6d-R-0X22bADF",
              "ctx": null,
              "_testId": "urn:uuid:77d61b76-2fe4-4352-aaae-05a7d547d93d",
              "_events": {},
              "_eventsCount": 1,
              "timer": {
                "_idleTimeout": -1,
                "_idlePrev": null,
                "_idleNext": null,
                "_idleStart": 42081,
                "_onTimeout": null,
                "_repeat": null,
                "_destroyed": true
              },
              "cell": {
                "columnId": "independent",
                "rowId": "9. JWT Verification With Unknown Extensions"
              },
              "duration": 452,
              "state": "passed",
              "speed": "slow"
            },
            {
              "type": "test",
              "title": "10. JWT Unsecured Credential Verification",
              "body": "async function() {\n            if (!features[requiredFeature]) {\n              console.log(`Skipping test \"${testName}\" for ${i.name} due to missing feature: ${requiredFeature}`);\n              this.skip();\n              return;\n            }\n\n            console.log(`Running test: ${testName} for implementation: ${i.name}`);\n            await generateTestResults(i.name, testConfig);\n            this.test.cell = {columnId: i.name, rowId: testName};\n            const result = await checkTestResults(i.name, testConfig);\n            console.log(`Test result for ${i.name} - ${testName}: ${result}`);\n            should.equal(result, testConfig.expected_result);\n\n            // Log the test result in a format that matches the report generator's expectations\n            console.log(`Reporter data: ${this.test.cell.columnId},${this.test.cell.rowId},${result}`);\n          }",
              "async": 0,
              "sync": true,
              "_timeout": 150000,
              "_slow": 75,
              "_retries": -1,
              "timedOut": false,
              "_currentRetry": 0,
              "pending": false,
              "file": "/home/runner/work/w3c-vc-jose-cose-test-suite/w3c-vc-jose-cose-test-suite/tests/test-runner.js",
              "parent": "Dl0nygqR6d-R-0X22bADF",
              "ctx": null,
              "_testId": "urn:uuid:cee13fdb-b782-4ce5-89a0-f52ac9d86da9",
              "_events": {},
              "_eventsCount": 1,
              "timer": {
                "_idleTimeout": -1,
                "_idlePrev": null,
                "_idleNext": null,
                "_idleStart": 42517,
                "_onTimeout": null,
                "_repeat": null,
                "_destroyed": true
              },
              "cell": {
                "columnId": "independent",
                "rowId": "10. JWT Unsecured Credential Verification"
              },
              "duration": 436,
              "state": "passed",
              "speed": "slow"
            },
            {
              "type": "test",
              "title": "11. JWT Unsecured Presentation Verification",
              "body": "async function() {\n            if (!features[requiredFeature]) {\n              console.log(`Skipping test \"${testName}\" for ${i.name} due to missing feature: ${requiredFeature}`);\n              this.skip();\n              return;\n            }\n\n            console.log(`Running test: ${testName} for implementation: ${i.name}`);\n            await generateTestResults(i.name, testConfig);\n            this.test.cell = {columnId: i.name, rowId: testName};\n            const result = await checkTestResults(i.name, testConfig);\n            console.log(`Test result for ${i.name} - ${testName}: ${result}`);\n            should.equal(result, testConfig.expected_result);\n\n            // Log the test result in a format that matches the report generator's expectations\n            console.log(`Reporter data: ${this.test.cell.columnId},${this.test.cell.rowId},${result}`);\n          }",
              "async": 0,
              "sync": true,
              "_timeout": 150000,
              "_slow": 75,
              "_retries": -1,
              "timedOut": false,
              "_currentRetry": 0,
              "pending": false,
              "file": "/home/runner/work/w3c-vc-jose-cose-test-suite/w3c-vc-jose-cose-test-suite/tests/test-runner.js",
              "parent": "Dl0nygqR6d-R-0X22bADF",
              "ctx": null,
              "_testId": "urn:uuid:7ecf74a6-04c6-4d14-b96b-1e2a3211440c",
              "_events": {},
              "_eventsCount": 1,
              "timer": {
                "_idleTimeout": -1,
                "_idlePrev": null,
                "_idleNext": null,
                "_idleStart": 42956,
                "_onTimeout": null,
                "_repeat": null,
                "_destroyed": true
              },
              "cell": {
                "columnId": "independent",
                "rowId": "11. JWT Unsecured Presentation Verification"
              },
              "duration": 439,
              "state": "passed",
              "speed": "slow"
            },
            {
              "type": "test",
              "title": "12. JWT Credential with an Invalid Signature",
              "body": "async function() {\n            if (!features[requiredFeature]) {\n              console.log(`Skipping test \"${testName}\" for ${i.name} due to missing feature: ${requiredFeature}`);\n              this.skip();\n              return;\n            }\n\n            console.log(`Running test: ${testName} for implementation: ${i.name}`);\n            await generateTestResults(i.name, testConfig);\n            this.test.cell = {columnId: i.name, rowId: testName};\n            const result = await checkTestResults(i.name, testConfig);\n            console.log(`Test result for ${i.name} - ${testName}: ${result}`);\n            should.equal(result, testConfig.expected_result);\n\n            // Log the test result in a format that matches the report generator's expectations\n            console.log(`Reporter data: ${this.test.cell.columnId},${this.test.cell.rowId},${result}`);\n          }",
              "async": 0,
              "sync": true,
              "_timeout": 150000,
              "_slow": 75,
              "_retries": -1,
              "timedOut": false,
              "_currentRetry": 0,
              "pending": false,
              "file": "/home/runner/work/w3c-vc-jose-cose-test-suite/w3c-vc-jose-cose-test-suite/tests/test-runner.js",
              "parent": "Dl0nygqR6d-R-0X22bADF",
              "ctx": null,
              "_testId": "urn:uuid:0015bd27-5356-43f4-aefd-7f8ffdf9b45d",
              "_events": {},
              "_eventsCount": 1,
              "timer": {
                "_idleTimeout": -1,
                "_idlePrev": null,
                "_idleNext": null,
                "_idleStart": 43412,
                "_onTimeout": null,
                "_repeat": null,
                "_destroyed": true
              },
              "cell": {
                "columnId": "independent",
                "rowId": "12. JWT Credential with an Invalid Signature"
              },
              "duration": 455,
              "state": "passed",
              "speed": "slow"
            },
            {
              "type": "test",
              "title": "13. JWT Credential with an Invalid Media Type",
              "body": "async function() {\n            if (!features[requiredFeature]) {\n              console.log(`Skipping test \"${testName}\" for ${i.name} due to missing feature: ${requiredFeature}`);\n              this.skip();\n              return;\n            }\n\n            console.log(`Running test: ${testName} for implementation: ${i.name}`);\n            await generateTestResults(i.name, testConfig);\n            this.test.cell = {columnId: i.name, rowId: testName};\n            const result = await checkTestResults(i.name, testConfig);\n            console.log(`Test result for ${i.name} - ${testName}: ${result}`);\n            should.equal(result, testConfig.expected_result);\n\n            // Log the test result in a format that matches the report generator's expectations\n            console.log(`Reporter data: ${this.test.cell.columnId},${this.test.cell.rowId},${result}`);\n          }",
              "async": 0,
              "sync": true,
              "_timeout": 150000,
              "_slow": 75,
              "_retries": -1,
              "timedOut": false,
              "_currentRetry": 0,
              "pending": false,
              "file": "/home/runner/work/w3c-vc-jose-cose-test-suite/w3c-vc-jose-cose-test-suite/tests/test-runner.js",
              "parent": "Dl0nygqR6d-R-0X22bADF",
              "ctx": null,
              "_testId": "urn:uuid:45a680ff-3b22-49a3-b106-21f9d9da7673",
              "_events": {},
              "_eventsCount": 1,
              "timer": {
                "_idleTimeout": -1,
                "_idlePrev": null,
                "_idleNext": null,
                "_idleStart": 43853,
                "_onTimeout": null,
                "_repeat": null,
                "_destroyed": true
              },
              "cell": {
                "columnId": "independent",
                "rowId": "13. JWT Credential with an Invalid Media Type"
              },
              "duration": 441,
              "state": "passed",
              "speed": "slow"
            },
            {
              "type": "test",
              "title": "14. JWT Presentation with an Invalid Media Type",
              "body": "async function() {\n            if (!features[requiredFeature]) {\n              console.log(`Skipping test \"${testName}\" for ${i.name} due to missing feature: ${requiredFeature}`);\n              this.skip();\n              return;\n            }\n\n            console.log(`Running test: ${testName} for implementation: ${i.name}`);\n            await generateTestResults(i.name, testConfig);\n            this.test.cell = {columnId: i.name, rowId: testName};\n            const result = await checkTestResults(i.name, testConfig);\n            console.log(`Test result for ${i.name} - ${testName}: ${result}`);\n            should.equal(result, testConfig.expected_result);\n\n            // Log the test result in a format that matches the report generator's expectations\n            console.log(`Reporter data: ${this.test.cell.columnId},${this.test.cell.rowId},${result}`);\n          }",
              "async": 0,
              "sync": true,
              "_timeout": 150000,
              "_slow": 75,
              "_retries": -1,
              "timedOut": false,
              "_currentRetry": 0,
              "pending": false,
              "file": "/home/runner/work/w3c-vc-jose-cose-test-suite/w3c-vc-jose-cose-test-suite/tests/test-runner.js",
              "parent": "Dl0nygqR6d-R-0X22bADF",
              "ctx": null,
              "_testId": "urn:uuid:1463670c-78a5-4179-8672-c0e26f1486ac",
              "_events": {},
              "_eventsCount": 1,
              "timer": {
                "_idleTimeout": -1,
                "_idlePrev": null,
                "_idleNext": null,
                "_idleStart": 44289,
                "_onTimeout": null,
                "_repeat": null,
                "_destroyed": true
              },
              "cell": {
                "columnId": "independent",
                "rowId": "14. JWT Presentation with an Invalid Media Type"
              },
              "duration": 435,
              "state": "passed",
              "speed": "slow"
            },
            {
              "type": "test",
              "title": "15. JWT Credential with vc and/or vp Claims",
              "body": "async function() {\n            if (!features[requiredFeature]) {\n              console.log(`Skipping test \"${testName}\" for ${i.name} due to missing feature: ${requiredFeature}`);\n              this.skip();\n              return;\n            }\n\n            console.log(`Running test: ${testName} for implementation: ${i.name}`);\n            await generateTestResults(i.name, testConfig);\n            this.test.cell = {columnId: i.name, rowId: testName};\n            const result = await checkTestResults(i.name, testConfig);\n            console.log(`Test result for ${i.name} - ${testName}: ${result}`);\n            should.equal(result, testConfig.expected_result);\n\n            // Log the test result in a format that matches the report generator's expectations\n            console.log(`Reporter data: ${this.test.cell.columnId},${this.test.cell.rowId},${result}`);\n          }",
              "async": 0,
              "sync": true,
              "_timeout": 150000,
              "_slow": 75,
              "_retries": -1,
              "timedOut": false,
              "_currentRetry": 0,
              "pending": false,
              "file": "/home/runner/work/w3c-vc-jose-cose-test-suite/w3c-vc-jose-cose-test-suite/tests/test-runner.js",
              "parent": "Dl0nygqR6d-R-0X22bADF",
              "ctx": null,
              "_testId": "urn:uuid:b037845c-4062-4983-a2bc-d8a4e5e43590",
              "_events": {},
              "_eventsCount": 1,
              "timer": {
                "_idleTimeout": -1,
                "_idlePrev": null,
                "_idleNext": null,
                "_idleStart": 44756,
                "_onTimeout": null,
                "_repeat": null,
                "_destroyed": true
              },
              "cell": {
                "columnId": "independent",
                "rowId": "15. JWT Credential with vc and/or vp Claims"
              },
              "duration": 466,
              "state": "passed",
              "speed": "slow"
            },
            {
              "type": "test",
              "title": "16. JWT Presentation with Invalid Credential",
              "body": "async function() {\n            if (!features[requiredFeature]) {\n              console.log(`Skipping test \"${testName}\" for ${i.name} due to missing feature: ${requiredFeature}`);\n              this.skip();\n              return;\n            }\n\n            console.log(`Running test: ${testName} for implementation: ${i.name}`);\n            await generateTestResults(i.name, testConfig);\n            this.test.cell = {columnId: i.name, rowId: testName};\n            const result = await checkTestResults(i.name, testConfig);\n            console.log(`Test result for ${i.name} - ${testName}: ${result}`);\n            should.equal(result, testConfig.expected_result);\n\n            // Log the test result in a format that matches the report generator's expectations\n            console.log(`Reporter data: ${this.test.cell.columnId},${this.test.cell.rowId},${result}`);\n          }",
              "async": 0,
              "sync": true,
              "_timeout": 150000,
              "_slow": 75,
              "_retries": -1,
              "timedOut": false,
              "_currentRetry": 0,
              "pending": false,
              "file": "/home/runner/work/w3c-vc-jose-cose-test-suite/w3c-vc-jose-cose-test-suite/tests/test-runner.js",
              "parent": "Dl0nygqR6d-R-0X22bADF",
              "ctx": null,
              "_testId": "urn:uuid:f6afd1ed-a605-4cac-8ad4-bb906738725f",
              "_events": {},
              "_eventsCount": 1,
              "timer": {
                "_idleTimeout": -1,
                "_idlePrev": null,
                "_idleNext": null,
                "_idleStart": 45187,
                "_onTimeout": null,
                "_repeat": null,
                "_destroyed": true
              },
              "cell": {
                "columnId": "independent",
                "rowId": "16. JWT Presentation with Invalid Credential"
              },
              "duration": 430,
              "state": "passed",
              "speed": "slow"
            }
          ],
          "root": false,
          "pending": false,
          "_retries": -1,
          "_beforeEach": [],
          "_beforeAll": [],
          "_afterEach": [],
          "_afterAll": [],
          "_timeout": 150000,
          "_slow": 75,
          "_bail": false,
          "_onlyTests": [],
          "_onlySuites": [],
          "delayed": false,
          "parent": "2EYpa7R3OdUccDs6L9Jo0",
          "file": "/home/runner/work/w3c-vc-jose-cose-test-suite/w3c-vc-jose-cose-test-suite/tests/test-runner.js",
          "_testId": "urn:uuid:b071f33e-5a41-4da1-8b9c-0ea448376a1b"
        },
        {
          "title": "mavennet",
          "ctx": null,
          "suites": [],
          "tests": [
            {
              "type": "test",
              "title": "1. JWT Basic Credential Issuance",
              "body": "async function() {\n            if (!features[requiredFeature]) {\n              console.log(`Skipping test \"${testName}\" for ${i.name} due to missing feature: ${requiredFeature}`);\n              this.skip();\n              return;\n            }\n\n            console.log(`Running test: ${testName} for implementation: ${i.name}`);\n            await generateTestResults(i.name, testConfig);\n            this.test.cell = {columnId: i.name, rowId: testName};\n            const result = await checkTestResults(i.name, testConfig);\n            console.log(`Test result for ${i.name} - ${testName}: ${result}`);\n            should.equal(result, testConfig.expected_result);\n\n            // Log the test result in a format that matches the report generator's expectations\n            console.log(`Reporter data: ${this.test.cell.columnId},${this.test.cell.rowId},${result}`);\n          }",
              "async": 0,
              "sync": true,
              "_timeout": 150000,
              "_slow": 75,
              "_retries": -1,
              "timedOut": false,
              "_currentRetry": 0,
              "pending": false,
              "file": "/home/runner/work/w3c-vc-jose-cose-test-suite/w3c-vc-jose-cose-test-suite/tests/test-runner.js",
              "parent": "yFe5sHSKpWdFfdgEg-BEe",
              "ctx": null,
              "_testId": "urn:uuid:fd6f98ed-f356-4340-b6ce-e472874adafc",
              "_events": {},
              "_eventsCount": 1,
              "timer": {
                "_idleTimeout": -1,
                "_idlePrev": null,
                "_idleNext": null,
                "_idleStart": 65628,
                "_onTimeout": null,
                "_repeat": null,
                "_destroyed": true
              },
              "cell": {
                "columnId": "mavennet",
                "rowId": "1. JWT Basic Credential Issuance"
              },
              "duration": 20441,
              "state": "passed",
              "speed": "slow"
            },
            {
              "type": "test",
              "title": "2. JWT Credential Issuance with All Optional Fields",
              "body": "async function() {\n            if (!features[requiredFeature]) {\n              console.log(`Skipping test \"${testName}\" for ${i.name} due to missing feature: ${requiredFeature}`);\n              this.skip();\n              return;\n            }\n\n            console.log(`Running test: ${testName} for implementation: ${i.name}`);\n            await generateTestResults(i.name, testConfig);\n            this.test.cell = {columnId: i.name, rowId: testName};\n            const result = await checkTestResults(i.name, testConfig);\n            console.log(`Test result for ${i.name} - ${testName}: ${result}`);\n            should.equal(result, testConfig.expected_result);\n\n            // Log the test result in a format that matches the report generator's expectations\n            console.log(`Reporter data: ${this.test.cell.columnId},${this.test.cell.rowId},${result}`);\n          }",
              "async": 0,
              "sync": true,
              "_timeout": 150000,
              "_slow": 75,
              "_retries": -1,
              "timedOut": false,
              "_currentRetry": 0,
              "pending": false,
              "file": "/home/runner/work/w3c-vc-jose-cose-test-suite/w3c-vc-jose-cose-test-suite/tests/test-runner.js",
              "parent": "yFe5sHSKpWdFfdgEg-BEe",
              "ctx": null,
              "_testId": "urn:uuid:83cf8081-79e1-4ca7-832c-26a2533fcc0b",
              "_events": {},
              "_eventsCount": 1,
              "timer": {
                "_idleTimeout": -1,
                "_idlePrev": null,
                "_idleNext": null,
                "_idleStart": 66535,
                "_onTimeout": null,
                "_repeat": null,
                "_destroyed": true
              },
              "cell": {
                "columnId": "mavennet",
                "rowId": "2. JWT Credential Issuance with All Optional Fields"
              },
              "duration": 907,
              "state": "passed",
              "speed": "slow"
            },
            {
              "type": "test",
              "title": "3. JWT Basic Presentation Issuance",
              "body": "async function() {\n            if (!features[requiredFeature]) {\n              console.log(`Skipping test \"${testName}\" for ${i.name} due to missing feature: ${requiredFeature}`);\n              this.skip();\n              return;\n            }\n\n            console.log(`Running test: ${testName} for implementation: ${i.name}`);\n            await generateTestResults(i.name, testConfig);\n            this.test.cell = {columnId: i.name, rowId: testName};\n            const result = await checkTestResults(i.name, testConfig);\n            console.log(`Test result for ${i.name} - ${testName}: ${result}`);\n            should.equal(result, testConfig.expected_result);\n\n            // Log the test result in a format that matches the report generator's expectations\n            console.log(`Reporter data: ${this.test.cell.columnId},${this.test.cell.rowId},${result}`);\n          }",
              "async": 0,
              "sync": true,
              "_timeout": 150000,
              "_slow": 75,
              "_retries": -1,
              "timedOut": false,
              "_currentRetry": 0,
              "pending": false,
              "file": "/home/runner/work/w3c-vc-jose-cose-test-suite/w3c-vc-jose-cose-test-suite/tests/test-runner.js",
              "parent": "yFe5sHSKpWdFfdgEg-BEe",
              "ctx": null,
              "_testId": "urn:uuid:fb848655-f00e-4781-b6a0-7ede7d46d7a6",
              "_events": {},
              "_eventsCount": 1,
              "timer": {
                "_idleTimeout": -1,
                "_idlePrev": null,
                "_idleNext": null,
                "_idleStart": 67407,
                "_onTimeout": null,
                "_repeat": null,
                "_destroyed": true
              },
              "cell": {
                "columnId": "mavennet",
                "rowId": "3. JWT Basic Presentation Issuance"
              },
              "duration": 872,
              "state": "passed",
              "speed": "slow"
            },
            {
              "type": "test",
              "title": "4. JWT Complex Presentation Issuance",
              "body": "async function() {\n            if (!features[requiredFeature]) {\n              console.log(`Skipping test \"${testName}\" for ${i.name} due to missing feature: ${requiredFeature}`);\n              this.skip();\n              return;\n            }\n\n            console.log(`Running test: ${testName} for implementation: ${i.name}`);\n            await generateTestResults(i.name, testConfig);\n            this.test.cell = {columnId: i.name, rowId: testName};\n            const result = await checkTestResults(i.name, testConfig);\n            console.log(`Test result for ${i.name} - ${testName}: ${result}`);\n            should.equal(result, testConfig.expected_result);\n\n            // Log the test result in a format that matches the report generator's expectations\n            console.log(`Reporter data: ${this.test.cell.columnId},${this.test.cell.rowId},${result}`);\n          }",
              "async": 0,
              "sync": true,
              "_timeout": 150000,
              "_slow": 75,
              "_retries": -1,
              "timedOut": false,
              "_currentRetry": 0,
              "pending": false,
              "file": "/home/runner/work/w3c-vc-jose-cose-test-suite/w3c-vc-jose-cose-test-suite/tests/test-runner.js",
              "parent": "yFe5sHSKpWdFfdgEg-BEe",
              "ctx": null,
              "_testId": "urn:uuid:593b6875-c273-405e-b67b-afccffba5d50",
              "_events": {},
              "_eventsCount": 1,
              "timer": {
                "_idleTimeout": -1,
                "_idlePrev": null,
                "_idleNext": null,
                "_idleStart": 68280,
                "_onTimeout": null,
                "_repeat": null,
                "_destroyed": true
              },
              "cell": {
                "columnId": "mavennet",
                "rowId": "4. JWT Complex Presentation Issuance"
              },
              "duration": 872,
              "state": "passed",
              "speed": "slow"
            },
            {
              "type": "test",
              "title": "5. JWT Issuance with Unknown Extensions",
              "body": "async function() {\n            if (!features[requiredFeature]) {\n              console.log(`Skipping test \"${testName}\" for ${i.name} due to missing feature: ${requiredFeature}`);\n              this.skip();\n              return;\n            }\n\n            console.log(`Running test: ${testName} for implementation: ${i.name}`);\n            await generateTestResults(i.name, testConfig);\n            this.test.cell = {columnId: i.name, rowId: testName};\n            const result = await checkTestResults(i.name, testConfig);\n            console.log(`Test result for ${i.name} - ${testName}: ${result}`);\n            should.equal(result, testConfig.expected_result);\n\n            // Log the test result in a format that matches the report generator's expectations\n            console.log(`Reporter data: ${this.test.cell.columnId},${this.test.cell.rowId},${result}`);\n          }",
              "async": 0,
              "sync": true,
              "_timeout": 150000,
              "_slow": 75,
              "_retries": -1,
              "timedOut": false,
              "_currentRetry": 0,
              "pending": false,
              "file": "/home/runner/work/w3c-vc-jose-cose-test-suite/w3c-vc-jose-cose-test-suite/tests/test-runner.js",
              "parent": "yFe5sHSKpWdFfdgEg-BEe",
              "ctx": null,
              "_testId": "urn:uuid:c30ba370-81a5-49a3-8735-b9cc70e272c9",
              "_events": {},
              "_eventsCount": 1,
              "timer": {
                "_idleTimeout": -1,
                "_idlePrev": null,
                "_idleNext": null,
                "_idleStart": 69220,
                "_onTimeout": null,
                "_repeat": null,
                "_destroyed": true
              },
              "cell": {
                "columnId": "mavennet",
                "rowId": "5. JWT Issuance with Unknown Extensions"
              },
              "duration": 939,
              "state": "passed",
              "speed": "slow"
            },
            {
              "type": "test",
              "title": "6. JWT Basic Credential Verification",
              "body": "async function() {\n            if (!features[requiredFeature]) {\n              console.log(`Skipping test \"${testName}\" for ${i.name} due to missing feature: ${requiredFeature}`);\n              this.skip();\n              return;\n            }\n\n            console.log(`Running test: ${testName} for implementation: ${i.name}`);\n            await generateTestResults(i.name, testConfig);\n            this.test.cell = {columnId: i.name, rowId: testName};\n            const result = await checkTestResults(i.name, testConfig);\n            console.log(`Test result for ${i.name} - ${testName}: ${result}`);\n            should.equal(result, testConfig.expected_result);\n\n            // Log the test result in a format that matches the report generator's expectations\n            console.log(`Reporter data: ${this.test.cell.columnId},${this.test.cell.rowId},${result}`);\n          }",
              "async": 0,
              "sync": true,
              "_timeout": 150000,
              "_slow": 75,
              "_retries": -1,
              "timedOut": false,
              "_currentRetry": 0,
              "pending": false,
              "file": "/home/runner/work/w3c-vc-jose-cose-test-suite/w3c-vc-jose-cose-test-suite/tests/test-runner.js",
              "parent": "yFe5sHSKpWdFfdgEg-BEe",
              "ctx": null,
              "_testId": "urn:uuid:4ad222e8-c1bc-4602-9c71-dc60877e66ea",
              "_events": {},
              "_eventsCount": 1,
              "timer": {
                "_idleTimeout": -1,
                "_idlePrev": null,
                "_idleNext": null,
                "_idleStart": 70098,
                "_onTimeout": null,
                "_repeat": null,
                "_destroyed": true
              },
              "cell": {
                "columnId": "mavennet",
                "rowId": "6. JWT Basic Credential Verification"
              },
              "duration": 877,
              "state": "passed",
              "speed": "slow"
            },
            {
              "type": "test",
              "title": "7. JWT Presentation Verification",
              "body": "async function() {\n            if (!features[requiredFeature]) {\n              console.log(`Skipping test \"${testName}\" for ${i.name} due to missing feature: ${requiredFeature}`);\n              this.skip();\n              return;\n            }\n\n            console.log(`Running test: ${testName} for implementation: ${i.name}`);\n            await generateTestResults(i.name, testConfig);\n            this.test.cell = {columnId: i.name, rowId: testName};\n            const result = await checkTestResults(i.name, testConfig);\n            console.log(`Test result for ${i.name} - ${testName}: ${result}`);\n            should.equal(result, testConfig.expected_result);\n\n            // Log the test result in a format that matches the report generator's expectations\n            console.log(`Reporter data: ${this.test.cell.columnId},${this.test.cell.rowId},${result}`);\n          }",
              "async": 0,
              "sync": true,
              "_timeout": 150000,
              "_slow": 75,
              "_retries": -1,
              "timedOut": false,
              "_currentRetry": 0,
              "pending": false,
              "file": "/home/runner/work/w3c-vc-jose-cose-test-suite/w3c-vc-jose-cose-test-suite/tests/test-runner.js",
              "parent": "yFe5sHSKpWdFfdgEg-BEe",
              "ctx": null,
              "_testId": "urn:uuid:47aa9722-656a-42a1-ab92-abe7d1f07a1d",
              "_events": {},
              "_eventsCount": 1,
              "timer": {
                "_idleTimeout": -1,
                "_idlePrev": null,
                "_idleNext": null,
                "_idleStart": 70971,
                "_onTimeout": null,
                "_repeat": null,
                "_destroyed": true
              },
              "cell": {
                "columnId": "mavennet",
                "rowId": "7. JWT Presentation Verification"
              },
              "duration": 872,
              "state": "passed",
              "speed": "slow"
            },
            {
              "type": "test",
              "title": "8. JWT Issuer Match Verification",
              "body": "async function() {\n            if (!features[requiredFeature]) {\n              console.log(`Skipping test \"${testName}\" for ${i.name} due to missing feature: ${requiredFeature}`);\n              this.skip();\n              return;\n            }\n\n            console.log(`Running test: ${testName} for implementation: ${i.name}`);\n            await generateTestResults(i.name, testConfig);\n            this.test.cell = {columnId: i.name, rowId: testName};\n            const result = await checkTestResults(i.name, testConfig);\n            console.log(`Test result for ${i.name} - ${testName}: ${result}`);\n            should.equal(result, testConfig.expected_result);\n\n            // Log the test result in a format that matches the report generator's expectations\n            console.log(`Reporter data: ${this.test.cell.columnId},${this.test.cell.rowId},${result}`);\n          }",
              "async": 0,
              "sync": true,
              "_timeout": 150000,
              "_slow": 75,
              "_retries": -1,
              "timedOut": false,
              "_currentRetry": 0,
              "pending": false,
              "file": "/home/runner/work/w3c-vc-jose-cose-test-suite/w3c-vc-jose-cose-test-suite/tests/test-runner.js",
              "parent": "yFe5sHSKpWdFfdgEg-BEe",
              "ctx": null,
              "_testId": "urn:uuid:61ffad21-db1e-4ab0-a292-b5a9ca00852b",
              "_events": {},
              "_eventsCount": 1,
              "timer": {
                "_idleTimeout": -1,
                "_idlePrev": null,
                "_idleNext": null,
                "_idleStart": 71835,
                "_onTimeout": null,
                "_repeat": null,
                "_destroyed": true
              },
              "cell": {
                "columnId": "mavennet",
                "rowId": "8. JWT Issuer Match Verification"
              },
              "duration": 863,
              "state": "passed",
              "speed": "slow"
            },
            {
              "type": "test",
              "title": "9. JWT Verification With Unknown Extensions",
              "body": "async function() {\n            if (!features[requiredFeature]) {\n              console.log(`Skipping test \"${testName}\" for ${i.name} due to missing feature: ${requiredFeature}`);\n              this.skip();\n              return;\n            }\n\n            console.log(`Running test: ${testName} for implementation: ${i.name}`);\n            await generateTestResults(i.name, testConfig);\n            this.test.cell = {columnId: i.name, rowId: testName};\n            const result = await checkTestResults(i.name, testConfig);\n            console.log(`Test result for ${i.name} - ${testName}: ${result}`);\n            should.equal(result, testConfig.expected_result);\n\n            // Log the test result in a format that matches the report generator's expectations\n            console.log(`Reporter data: ${this.test.cell.columnId},${this.test.cell.rowId},${result}`);\n          }",
              "async": 0,
              "sync": true,
              "_timeout": 150000,
              "_slow": 75,
              "_retries": -1,
              "timedOut": false,
              "_currentRetry": 0,
              "pending": false,
              "file": "/home/runner/work/w3c-vc-jose-cose-test-suite/w3c-vc-jose-cose-test-suite/tests/test-runner.js",
              "parent": "yFe5sHSKpWdFfdgEg-BEe",
              "ctx": null,
              "_testId": "urn:uuid:0232e408-f070-4611-9cf1-b27a6413882b",
              "_events": {},
              "_eventsCount": 1,
              "timer": {
                "_idleTimeout": -1,
                "_idlePrev": null,
                "_idleNext": null,
                "_idleStart": 72699,
                "_onTimeout": null,
                "_repeat": null,
                "_destroyed": true
              },
              "cell": {
                "columnId": "mavennet",
                "rowId": "9. JWT Verification With Unknown Extensions"
              },
              "duration": 864,
              "state": "passed",
              "speed": "slow"
            },
            {
              "type": "test",
              "title": "10. JWT Unsecured Credential Verification",
              "body": "async function() {\n            if (!features[requiredFeature]) {\n              console.log(`Skipping test \"${testName}\" for ${i.name} due to missing feature: ${requiredFeature}`);\n              this.skip();\n              return;\n            }\n\n            console.log(`Running test: ${testName} for implementation: ${i.name}`);\n            await generateTestResults(i.name, testConfig);\n            this.test.cell = {columnId: i.name, rowId: testName};\n            const result = await checkTestResults(i.name, testConfig);\n            console.log(`Test result for ${i.name} - ${testName}: ${result}`);\n            should.equal(result, testConfig.expected_result);\n\n            // Log the test result in a format that matches the report generator's expectations\n            console.log(`Reporter data: ${this.test.cell.columnId},${this.test.cell.rowId},${result}`);\n          }",
              "async": 0,
              "sync": true,
              "_timeout": 150000,
              "_slow": 75,
              "_retries": -1,
              "timedOut": false,
              "_currentRetry": 0,
              "pending": false,
              "file": "/home/runner/work/w3c-vc-jose-cose-test-suite/w3c-vc-jose-cose-test-suite/tests/test-runner.js",
              "parent": "yFe5sHSKpWdFfdgEg-BEe",
              "ctx": null,
              "_testId": "urn:uuid:c170ba9f-7f4d-49c1-9609-1347c2ae35cf",
              "_events": {},
              "_eventsCount": 1,
              "timer": {
                "_idleTimeout": -1,
                "_idlePrev": null,
                "_idleNext": null,
                "_idleStart": 73560,
                "_onTimeout": null,
                "_repeat": null,
                "_destroyed": true
              },
              "cell": {
                "columnId": "mavennet",
                "rowId": "10. JWT Unsecured Credential Verification"
              },
              "duration": 860,
              "state": "passed",
              "speed": "slow"
            },
            {
              "type": "test",
              "title": "11. JWT Unsecured Presentation Verification",
              "body": "async function() {\n            if (!features[requiredFeature]) {\n              console.log(`Skipping test \"${testName}\" for ${i.name} due to missing feature: ${requiredFeature}`);\n              this.skip();\n              return;\n            }\n\n            console.log(`Running test: ${testName} for implementation: ${i.name}`);\n            await generateTestResults(i.name, testConfig);\n            this.test.cell = {columnId: i.name, rowId: testName};\n            const result = await checkTestResults(i.name, testConfig);\n            console.log(`Test result for ${i.name} - ${testName}: ${result}`);\n            should.equal(result, testConfig.expected_result);\n\n            // Log the test result in a format that matches the report generator's expectations\n            console.log(`Reporter data: ${this.test.cell.columnId},${this.test.cell.rowId},${result}`);\n          }",
              "async": 0,
              "sync": true,
              "_timeout": 150000,
              "_slow": 75,
              "_retries": -1,
              "timedOut": false,
              "_currentRetry": 0,
              "pending": false,
              "file": "/home/runner/work/w3c-vc-jose-cose-test-suite/w3c-vc-jose-cose-test-suite/tests/test-runner.js",
              "parent": "yFe5sHSKpWdFfdgEg-BEe",
              "ctx": null,
              "_testId": "urn:uuid:2f46881f-758c-4a84-b550-c03e668dc24e",
              "_events": {},
              "_eventsCount": 1,
              "timer": {
                "_idleTimeout": -1,
                "_idlePrev": null,
                "_idleNext": null,
                "_idleStart": 74430,
                "_onTimeout": null,
                "_repeat": null,
                "_destroyed": true
              },
              "cell": {
                "columnId": "mavennet",
                "rowId": "11. JWT Unsecured Presentation Verification"
              },
              "duration": 869,
              "state": "passed",
              "speed": "slow"
            },
            {
              "type": "test",
              "title": "12. JWT Credential with an Invalid Signature",
              "body": "async function() {\n            if (!features[requiredFeature]) {\n              console.log(`Skipping test \"${testName}\" for ${i.name} due to missing feature: ${requiredFeature}`);\n              this.skip();\n              return;\n            }\n\n            console.log(`Running test: ${testName} for implementation: ${i.name}`);\n            await generateTestResults(i.name, testConfig);\n            this.test.cell = {columnId: i.name, rowId: testName};\n            const result = await checkTestResults(i.name, testConfig);\n            console.log(`Test result for ${i.name} - ${testName}: ${result}`);\n            should.equal(result, testConfig.expected_result);\n\n            // Log the test result in a format that matches the report generator's expectations\n            console.log(`Reporter data: ${this.test.cell.columnId},${this.test.cell.rowId},${result}`);\n          }",
              "async": 0,
              "sync": true,
              "_timeout": 150000,
              "_slow": 75,
              "_retries": -1,
              "timedOut": false,
              "_currentRetry": 0,
              "pending": false,
              "file": "/home/runner/work/w3c-vc-jose-cose-test-suite/w3c-vc-jose-cose-test-suite/tests/test-runner.js",
              "parent": "yFe5sHSKpWdFfdgEg-BEe",
              "ctx": null,
              "_testId": "urn:uuid:ce6c8986-0d99-48b4-902d-1bf67ec9033d",
              "_events": {},
              "_eventsCount": 1,
              "timer": {
                "_idleTimeout": -1,
                "_idlePrev": null,
                "_idleNext": null,
                "_idleStart": 75305,
                "_onTimeout": null,
                "_repeat": null,
                "_destroyed": true
              },
              "cell": {
                "columnId": "mavennet",
                "rowId": "12. JWT Credential with an Invalid Signature"
              },
              "duration": 874,
              "state": "passed",
              "speed": "slow"
            },
            {
              "type": "test",
              "title": "13. JWT Credential with an Invalid Media Type",
              "body": "async function() {\n            if (!features[requiredFeature]) {\n              console.log(`Skipping test \"${testName}\" for ${i.name} due to missing feature: ${requiredFeature}`);\n              this.skip();\n              return;\n            }\n\n            console.log(`Running test: ${testName} for implementation: ${i.name}`);\n            await generateTestResults(i.name, testConfig);\n            this.test.cell = {columnId: i.name, rowId: testName};\n            const result = await checkTestResults(i.name, testConfig);\n            console.log(`Test result for ${i.name} - ${testName}: ${result}`);\n            should.equal(result, testConfig.expected_result);\n\n            // Log the test result in a format that matches the report generator's expectations\n            console.log(`Reporter data: ${this.test.cell.columnId},${this.test.cell.rowId},${result}`);\n          }",
              "async": 0,
              "sync": true,
              "_timeout": 150000,
              "_slow": 75,
              "_retries": -1,
              "timedOut": false,
              "_currentRetry": 0,
              "pending": false,
              "file": "/home/runner/work/w3c-vc-jose-cose-test-suite/w3c-vc-jose-cose-test-suite/tests/test-runner.js",
              "parent": "yFe5sHSKpWdFfdgEg-BEe",
              "ctx": null,
              "_testId": "urn:uuid:4efe94cf-2c70-4fa0-acc4-3d04a3dff30e",
              "_events": {},
              "_eventsCount": 1,
              "timer": {
                "_idleTimeout": -1,
                "_idlePrev": null,
                "_idleNext": null,
                "_idleStart": 76161,
                "_onTimeout": null,
                "_repeat": null,
                "_destroyed": true
              },
              "cell": {
                "columnId": "mavennet",
                "rowId": "13. JWT Credential with an Invalid Media Type"
              },
              "duration": 855,
              "state": "passed",
              "speed": "slow"
            },
            {
              "type": "test",
              "title": "14. JWT Presentation with an Invalid Media Type",
              "body": "async function() {\n            if (!features[requiredFeature]) {\n              console.log(`Skipping test \"${testName}\" for ${i.name} due to missing feature: ${requiredFeature}`);\n              this.skip();\n              return;\n            }\n\n            console.log(`Running test: ${testName} for implementation: ${i.name}`);\n            await generateTestResults(i.name, testConfig);\n            this.test.cell = {columnId: i.name, rowId: testName};\n            const result = await checkTestResults(i.name, testConfig);\n            console.log(`Test result for ${i.name} - ${testName}: ${result}`);\n            should.equal(result, testConfig.expected_result);\n\n            // Log the test result in a format that matches the report generator's expectations\n            console.log(`Reporter data: ${this.test.cell.columnId},${this.test.cell.rowId},${result}`);\n          }",
              "async": 0,
              "sync": true,
              "_timeout": 150000,
              "_slow": 75,
              "_retries": -1,
              "timedOut": false,
              "_currentRetry": 0,
              "pending": false,
              "file": "/home/runner/work/w3c-vc-jose-cose-test-suite/w3c-vc-jose-cose-test-suite/tests/test-runner.js",
              "parent": "yFe5sHSKpWdFfdgEg-BEe",
              "ctx": null,
              "_testId": "urn:uuid:7b5e00c7-a120-43e5-ad76-f45b5859cd09",
              "_events": {},
              "_eventsCount": 1,
              "timer": {
                "_idleTimeout": -1,
                "_idlePrev": null,
                "_idleNext": null,
                "_idleStart": 77016,
                "_onTimeout": null,
                "_repeat": null,
                "_destroyed": true
              },
              "cell": {
                "columnId": "mavennet",
                "rowId": "14. JWT Presentation with an Invalid Media Type"
              },
              "duration": 855,
              "state": "passed",
              "speed": "slow"
            },
            {
              "type": "test",
              "title": "15. JWT Credential with vc and/or vp Claims",
              "body": "async function() {\n            if (!features[requiredFeature]) {\n              console.log(`Skipping test \"${testName}\" for ${i.name} due to missing feature: ${requiredFeature}`);\n              this.skip();\n              return;\n            }\n\n            console.log(`Running test: ${testName} for implementation: ${i.name}`);\n            await generateTestResults(i.name, testConfig);\n            this.test.cell = {columnId: i.name, rowId: testName};\n            const result = await checkTestResults(i.name, testConfig);\n            console.log(`Test result for ${i.name} - ${testName}: ${result}`);\n            should.equal(result, testConfig.expected_result);\n\n            // Log the test result in a format that matches the report generator's expectations\n            console.log(`Reporter data: ${this.test.cell.columnId},${this.test.cell.rowId},${result}`);\n          }",
              "async": 0,
              "sync": true,
              "_timeout": 150000,
              "_slow": 75,
              "_retries": -1,
              "timedOut": false,
              "_currentRetry": 0,
              "pending": false,
              "file": "/home/runner/work/w3c-vc-jose-cose-test-suite/w3c-vc-jose-cose-test-suite/tests/test-runner.js",
              "parent": "yFe5sHSKpWdFfdgEg-BEe",
              "ctx": null,
              "_testId": "urn:uuid:7353e037-db1f-4c4d-ba56-5b971c8a726f",
              "_events": {},
              "_eventsCount": 1,
              "timer": {
                "_idleTimeout": -1,
                "_idlePrev": null,
                "_idleNext": null,
                "_idleStart": 77892,
                "_onTimeout": null,
                "_repeat": null,
                "_destroyed": true
              },
              "cell": {
                "columnId": "mavennet",
                "rowId": "15. JWT Credential with vc and/or vp Claims"
              },
              "duration": 875,
              "state": "passed",
              "speed": "slow"
            },
            {
              "type": "test",
              "title": "16. JWT Presentation with Invalid Credential",
              "body": "async function() {\n            if (!features[requiredFeature]) {\n              console.log(`Skipping test \"${testName}\" for ${i.name} due to missing feature: ${requiredFeature}`);\n              this.skip();\n              return;\n            }\n\n            console.log(`Running test: ${testName} for implementation: ${i.name}`);\n            await generateTestResults(i.name, testConfig);\n            this.test.cell = {columnId: i.name, rowId: testName};\n            const result = await checkTestResults(i.name, testConfig);\n            console.log(`Test result for ${i.name} - ${testName}: ${result}`);\n            should.equal(result, testConfig.expected_result);\n\n            // Log the test result in a format that matches the report generator's expectations\n            console.log(`Reporter data: ${this.test.cell.columnId},${this.test.cell.rowId},${result}`);\n          }",
              "async": 0,
              "sync": true,
              "_timeout": 150000,
              "_slow": 75,
              "_retries": -1,
              "timedOut": false,
              "_currentRetry": 0,
              "pending": false,
              "file": "/home/runner/work/w3c-vc-jose-cose-test-suite/w3c-vc-jose-cose-test-suite/tests/test-runner.js",
              "parent": "yFe5sHSKpWdFfdgEg-BEe",
              "ctx": null,
              "_testId": "urn:uuid:3bfb4bed-3b69-424e-94e1-c3ad69b1308b",
              "_events": {},
              "_eventsCount": 1,
              "timer": {
                "_idleTimeout": -1,
                "_idlePrev": null,
                "_idleNext": null,
                "_idleStart": 78760,
                "_onTimeout": null,
                "_repeat": null,
                "_destroyed": true
              },
              "cell": {
                "columnId": "mavennet",
                "rowId": "16. JWT Presentation with Invalid Credential"
              },
              "duration": 867,
              "state": "passed",
              "speed": "slow"
            }
          ],
          "root": false,
          "pending": false,
          "_retries": -1,
          "_beforeEach": [],
          "_beforeAll": [],
          "_afterEach": [],
          "_afterAll": [],
          "_timeout": 150000,
          "_slow": 75,
          "_bail": false,
          "_onlyTests": [],
          "_onlySuites": [],
          "delayed": false,
          "parent": "2EYpa7R3OdUccDs6L9Jo0",
          "file": "/home/runner/work/w3c-vc-jose-cose-test-suite/w3c-vc-jose-cose-test-suite/tests/test-runner.js",
          "_testId": "urn:uuid:0a537764-7865-4ef3-bba1-a8e433953a16"
        }
      ],
      "tests": [
        {
          "type": "test",
          "title": "1. JWT Basic Credential Issuance",
          "body": "async function() {\n            if (!features[requiredFeature]) {\n              console.log(`Skipping test \"${testName}\" for ${i.name} due to missing feature: ${requiredFeature}`);\n              this.skip();\n              return;\n            }\n\n            console.log(`Running test: ${testName} for implementation: ${i.name}`);\n            await generateTestResults(i.name, testConfig);\n            this.test.cell = {columnId: i.name, rowId: testName};\n            const result = await checkTestResults(i.name, testConfig);\n            console.log(`Test result for ${i.name} - ${testName}: ${result}`);\n            should.equal(result, testConfig.expected_result);\n\n            // Log the test result in a format that matches the report generator's expectations\n            console.log(`Reporter data: ${this.test.cell.columnId},${this.test.cell.rowId},${result}`);\n          }",
          "async": 0,
          "sync": true,
          "_timeout": 150000,
          "_slow": 75,
          "_retries": -1,
          "timedOut": false,
          "_currentRetry": 0,
          "pending": false,
          "file": "/home/runner/work/w3c-vc-jose-cose-test-suite/w3c-vc-jose-cose-test-suite/tests/test-runner.js",
          "parent": "Dl0nygqR6d-R-0X22bADF",
          "ctx": null,
          "_testId": "urn:uuid:389f9f22-7e85-45fb-a24b-a2481312fdae",
          "_events": {},
          "_eventsCount": 1,
          "timer": {
            "_idleTimeout": -1,
            "_idlePrev": null,
            "_idleNext": null,
            "_idleStart": 38481,
            "_onTimeout": null,
            "_repeat": null,
            "_destroyed": true
          },
          "cell": {
            "columnId": "independent",
            "rowId": "1. JWT Basic Credential Issuance"
          },
          "duration": 38451,
          "state": "passed",
          "speed": "slow"
        },
        {
          "type": "test",
          "title": "2. JWT Credential Issuance with All Optional Fields",
          "body": "async function() {\n            if (!features[requiredFeature]) {\n              console.log(`Skipping test \"${testName}\" for ${i.name} due to missing feature: ${requiredFeature}`);\n              this.skip();\n              return;\n            }\n\n            console.log(`Running test: ${testName} for implementation: ${i.name}`);\n            await generateTestResults(i.name, testConfig);\n            this.test.cell = {columnId: i.name, rowId: testName};\n            const result = await checkTestResults(i.name, testConfig);\n            console.log(`Test result for ${i.name} - ${testName}: ${result}`);\n            should.equal(result, testConfig.expected_result);\n\n            // Log the test result in a format that matches the report generator's expectations\n            console.log(`Reporter data: ${this.test.cell.columnId},${this.test.cell.rowId},${result}`);\n          }",
          "async": 0,
          "sync": true,
          "_timeout": 150000,
          "_slow": 75,
          "_retries": -1,
          "timedOut": false,
          "_currentRetry": 0,
          "pending": false,
          "file": "/home/runner/work/w3c-vc-jose-cose-test-suite/w3c-vc-jose-cose-test-suite/tests/test-runner.js",
          "parent": "Dl0nygqR6d-R-0X22bADF",
          "ctx": null,
          "_testId": "urn:uuid:a15fea0a-761d-4e3b-9bb1-211aeddf264d",
          "_events": {},
          "_eventsCount": 1,
          "timer": {
            "_idleTimeout": -1,
            "_idlePrev": null,
            "_idleNext": null,
            "_idleStart": 38942,
            "_onTimeout": null,
            "_repeat": null,
            "_destroyed": true
          },
          "cell": {
            "columnId": "independent",
            "rowId": "2. JWT Credential Issuance with All Optional Fields"
          },
          "duration": 459,
          "state": "passed",
          "speed": "slow"
        },
        {
          "type": "test",
          "title": "3. JWT Basic Presentation Issuance",
          "body": "async function() {\n            if (!features[requiredFeature]) {\n              console.log(`Skipping test \"${testName}\" for ${i.name} due to missing feature: ${requiredFeature}`);\n              this.skip();\n              return;\n            }\n\n            console.log(`Running test: ${testName} for implementation: ${i.name}`);\n            await generateTestResults(i.name, testConfig);\n            this.test.cell = {columnId: i.name, rowId: testName};\n            const result = await checkTestResults(i.name, testConfig);\n            console.log(`Test result for ${i.name} - ${testName}: ${result}`);\n            should.equal(result, testConfig.expected_result);\n\n            // Log the test result in a format that matches the report generator's expectations\n            console.log(`Reporter data: ${this.test.cell.columnId},${this.test.cell.rowId},${result}`);\n          }",
          "async": 0,
          "sync": true,
          "_timeout": 150000,
          "_slow": 75,
          "_retries": -1,
          "timedOut": false,
          "_currentRetry": 0,
          "pending": false,
          "file": "/home/runner/work/w3c-vc-jose-cose-test-suite/w3c-vc-jose-cose-test-suite/tests/test-runner.js",
          "parent": "Dl0nygqR6d-R-0X22bADF",
          "ctx": null,
          "_testId": "urn:uuid:cab08ba6-ed45-4a98-a4f3-30c4075732d8",
          "_events": {},
          "_eventsCount": 1,
          "timer": {
            "_idleTimeout": -1,
            "_idlePrev": null,
            "_idleNext": null,
            "_idleStart": 39397,
            "_onTimeout": null,
            "_repeat": null,
            "_destroyed": true
          },
          "cell": {
            "columnId": "independent",
            "rowId": "3. JWT Basic Presentation Issuance"
          },
          "duration": 454,
          "state": "passed",
          "speed": "slow"
        },
        {
          "type": "test",
          "title": "4. JWT Complex Presentation Issuance",
          "body": "async function() {\n            if (!features[requiredFeature]) {\n              console.log(`Skipping test \"${testName}\" for ${i.name} due to missing feature: ${requiredFeature}`);\n              this.skip();\n              return;\n            }\n\n            console.log(`Running test: ${testName} for implementation: ${i.name}`);\n            await generateTestResults(i.name, testConfig);\n            this.test.cell = {columnId: i.name, rowId: testName};\n            const result = await checkTestResults(i.name, testConfig);\n            console.log(`Test result for ${i.name} - ${testName}: ${result}`);\n            should.equal(result, testConfig.expected_result);\n\n            // Log the test result in a format that matches the report generator's expectations\n            console.log(`Reporter data: ${this.test.cell.columnId},${this.test.cell.rowId},${result}`);\n          }",
          "async": 0,
          "sync": true,
          "_timeout": 150000,
          "_slow": 75,
          "_retries": -1,
          "timedOut": false,
          "_currentRetry": 0,
          "pending": false,
          "file": "/home/runner/work/w3c-vc-jose-cose-test-suite/w3c-vc-jose-cose-test-suite/tests/test-runner.js",
          "parent": "Dl0nygqR6d-R-0X22bADF",
          "ctx": null,
          "_testId": "urn:uuid:573c4a0d-2a5b-49b0-a908-7cee848ee8a4",
          "_events": {},
          "_eventsCount": 1,
          "timer": {
            "_idleTimeout": -1,
            "_idlePrev": null,
            "_idleNext": null,
            "_idleStart": 39849,
            "_onTimeout": null,
            "_repeat": null,
            "_destroyed": true
          },
          "cell": {
            "columnId": "independent",
            "rowId": "4. JWT Complex Presentation Issuance"
          },
          "duration": 451,
          "state": "passed",
          "speed": "slow"
        },
        {
          "type": "test",
          "title": "5. JWT Issuance with Unknown Extensions",
          "body": "async function() {\n            if (!features[requiredFeature]) {\n              console.log(`Skipping test \"${testName}\" for ${i.name} due to missing feature: ${requiredFeature}`);\n              this.skip();\n              return;\n            }\n\n            console.log(`Running test: ${testName} for implementation: ${i.name}`);\n            await generateTestResults(i.name, testConfig);\n            this.test.cell = {columnId: i.name, rowId: testName};\n            const result = await checkTestResults(i.name, testConfig);\n            console.log(`Test result for ${i.name} - ${testName}: ${result}`);\n            should.equal(result, testConfig.expected_result);\n\n            // Log the test result in a format that matches the report generator's expectations\n            console.log(`Reporter data: ${this.test.cell.columnId},${this.test.cell.rowId},${result}`);\n          }",
          "async": 0,
          "sync": true,
          "_timeout": 150000,
          "_slow": 75,
          "_retries": -1,
          "timedOut": false,
          "_currentRetry": 0,
          "pending": false,
          "file": "/home/runner/work/w3c-vc-jose-cose-test-suite/w3c-vc-jose-cose-test-suite/tests/test-runner.js",
          "parent": "Dl0nygqR6d-R-0X22bADF",
          "ctx": null,
          "_testId": "urn:uuid:2669e000-5313-4786-a830-35311ad64292",
          "_events": {},
          "_eventsCount": 1,
          "timer": {
            "_idleTimeout": -1,
            "_idlePrev": null,
            "_idleNext": null,
            "_idleStart": 40297,
            "_onTimeout": null,
            "_repeat": null,
            "_destroyed": true
          },
          "cell": {
            "columnId": "independent",
            "rowId": "5. JWT Issuance with Unknown Extensions"
          },
          "duration": 448,
          "state": "passed",
          "speed": "slow"
        },
        {
          "type": "test",
          "title": "6. JWT Basic Credential Verification",
          "body": "async function() {\n            if (!features[requiredFeature]) {\n              console.log(`Skipping test \"${testName}\" for ${i.name} due to missing feature: ${requiredFeature}`);\n              this.skip();\n              return;\n            }\n\n            console.log(`Running test: ${testName} for implementation: ${i.name}`);\n            await generateTestResults(i.name, testConfig);\n            this.test.cell = {columnId: i.name, rowId: testName};\n            const result = await checkTestResults(i.name, testConfig);\n            console.log(`Test result for ${i.name} - ${testName}: ${result}`);\n            should.equal(result, testConfig.expected_result);\n\n            // Log the test result in a format that matches the report generator's expectations\n            console.log(`Reporter data: ${this.test.cell.columnId},${this.test.cell.rowId},${result}`);\n          }",
          "async": 0,
          "sync": true,
          "_timeout": 150000,
          "_slow": 75,
          "_retries": -1,
          "timedOut": false,
          "_currentRetry": 0,
          "pending": false,
          "file": "/home/runner/work/w3c-vc-jose-cose-test-suite/w3c-vc-jose-cose-test-suite/tests/test-runner.js",
          "parent": "Dl0nygqR6d-R-0X22bADF",
          "ctx": null,
          "_testId": "urn:uuid:de32671c-0288-478b-b75e-6dd53541ba7e",
          "_events": {},
          "_eventsCount": 1,
          "timer": {
            "_idleTimeout": -1,
            "_idlePrev": null,
            "_idleNext": null,
            "_idleStart": 40743,
            "_onTimeout": null,
            "_repeat": null,
            "_destroyed": true
          },
          "cell": {
            "columnId": "independent",
            "rowId": "6. JWT Basic Credential Verification"
          },
          "duration": 445,
          "state": "passed",
          "speed": "slow"
        },
        {
          "type": "test",
          "title": "7. JWT Presentation Verification",
          "body": "async function() {\n            if (!features[requiredFeature]) {\n              console.log(`Skipping test \"${testName}\" for ${i.name} due to missing feature: ${requiredFeature}`);\n              this.skip();\n              return;\n            }\n\n            console.log(`Running test: ${testName} for implementation: ${i.name}`);\n            await generateTestResults(i.name, testConfig);\n            this.test.cell = {columnId: i.name, rowId: testName};\n            const result = await checkTestResults(i.name, testConfig);\n            console.log(`Test result for ${i.name} - ${testName}: ${result}`);\n            should.equal(result, testConfig.expected_result);\n\n            // Log the test result in a format that matches the report generator's expectations\n            console.log(`Reporter data: ${this.test.cell.columnId},${this.test.cell.rowId},${result}`);\n          }",
          "async": 0,
          "sync": true,
          "_timeout": 150000,
          "_slow": 75,
          "_retries": -1,
          "timedOut": false,
          "_currentRetry": 0,
          "pending": false,
          "file": "/home/runner/work/w3c-vc-jose-cose-test-suite/w3c-vc-jose-cose-test-suite/tests/test-runner.js",
          "parent": "Dl0nygqR6d-R-0X22bADF",
          "ctx": null,
          "_testId": "urn:uuid:d76cf876-eb8b-4e39-9c23-afe51cc50e4d",
          "_events": {},
          "_eventsCount": 1,
          "timer": {
            "_idleTimeout": -1,
            "_idlePrev": null,
            "_idleNext": null,
            "_idleStart": 41192,
            "_onTimeout": null,
            "_repeat": null,
            "_destroyed": true
          },
          "cell": {
            "columnId": "independent",
            "rowId": "7. JWT Presentation Verification"
          },
          "duration": 449,
          "state": "passed",
          "speed": "slow"
        },
        {
          "type": "test",
          "title": "8. JWT Issuer Match Verification",
          "body": "async function() {\n            if (!features[requiredFeature]) {\n              console.log(`Skipping test \"${testName}\" for ${i.name} due to missing feature: ${requiredFeature}`);\n              this.skip();\n              return;\n            }\n\n            console.log(`Running test: ${testName} for implementation: ${i.name}`);\n            await generateTestResults(i.name, testConfig);\n            this.test.cell = {columnId: i.name, rowId: testName};\n            const result = await checkTestResults(i.name, testConfig);\n            console.log(`Test result for ${i.name} - ${testName}: ${result}`);\n            should.equal(result, testConfig.expected_result);\n\n            // Log the test result in a format that matches the report generator's expectations\n            console.log(`Reporter data: ${this.test.cell.columnId},${this.test.cell.rowId},${result}`);\n          }",
          "async": 0,
          "sync": true,
          "_timeout": 150000,
          "_slow": 75,
          "_retries": -1,
          "timedOut": false,
          "_currentRetry": 0,
          "pending": false,
          "file": "/home/runner/work/w3c-vc-jose-cose-test-suite/w3c-vc-jose-cose-test-suite/tests/test-runner.js",
          "parent": "Dl0nygqR6d-R-0X22bADF",
          "ctx": null,
          "_testId": "urn:uuid:6e26e284-fc55-402c-a6ca-39f51868de6b",
          "_events": {},
          "_eventsCount": 1,
          "timer": {
            "_idleTimeout": -1,
            "_idlePrev": null,
            "_idleNext": null,
            "_idleStart": 41629,
            "_onTimeout": null,
            "_repeat": null,
            "_destroyed": true
          },
          "cell": {
            "columnId": "independent",
            "rowId": "8. JWT Issuer Match Verification"
          },
          "duration": 437,
          "state": "passed",
          "speed": "slow"
        },
        {
          "type": "test",
          "title": "9. JWT Verification With Unknown Extensions",
          "body": "async function() {\n            if (!features[requiredFeature]) {\n              console.log(`Skipping test \"${testName}\" for ${i.name} due to missing feature: ${requiredFeature}`);\n              this.skip();\n              return;\n            }\n\n            console.log(`Running test: ${testName} for implementation: ${i.name}`);\n            await generateTestResults(i.name, testConfig);\n            this.test.cell = {columnId: i.name, rowId: testName};\n            const result = await checkTestResults(i.name, testConfig);\n            console.log(`Test result for ${i.name} - ${testName}: ${result}`);\n            should.equal(result, testConfig.expected_result);\n\n            // Log the test result in a format that matches the report generator's expectations\n            console.log(`Reporter data: ${this.test.cell.columnId},${this.test.cell.rowId},${result}`);\n          }",
          "async": 0,
          "sync": true,
          "_timeout": 150000,
          "_slow": 75,
          "_retries": -1,
          "timedOut": false,
          "_currentRetry": 0,
          "pending": false,
          "file": "/home/runner/work/w3c-vc-jose-cose-test-suite/w3c-vc-jose-cose-test-suite/tests/test-runner.js",
          "parent": "Dl0nygqR6d-R-0X22bADF",
          "ctx": null,
          "_testId": "urn:uuid:77d61b76-2fe4-4352-aaae-05a7d547d93d",
          "_events": {},
          "_eventsCount": 1,
          "timer": {
            "_idleTimeout": -1,
            "_idlePrev": null,
            "_idleNext": null,
            "_idleStart": 42081,
            "_onTimeout": null,
            "_repeat": null,
            "_destroyed": true
          },
          "cell": {
            "columnId": "independent",
            "rowId": "9. JWT Verification With Unknown Extensions"
          },
          "duration": 452,
          "state": "passed",
          "speed": "slow"
        },
        {
          "type": "test",
          "title": "10. JWT Unsecured Credential Verification",
          "body": "async function() {\n            if (!features[requiredFeature]) {\n              console.log(`Skipping test \"${testName}\" for ${i.name} due to missing feature: ${requiredFeature}`);\n              this.skip();\n              return;\n            }\n\n            console.log(`Running test: ${testName} for implementation: ${i.name}`);\n            await generateTestResults(i.name, testConfig);\n            this.test.cell = {columnId: i.name, rowId: testName};\n            const result = await checkTestResults(i.name, testConfig);\n            console.log(`Test result for ${i.name} - ${testName}: ${result}`);\n            should.equal(result, testConfig.expected_result);\n\n            // Log the test result in a format that matches the report generator's expectations\n            console.log(`Reporter data: ${this.test.cell.columnId},${this.test.cell.rowId},${result}`);\n          }",
          "async": 0,
          "sync": true,
          "_timeout": 150000,
          "_slow": 75,
          "_retries": -1,
          "timedOut": false,
          "_currentRetry": 0,
          "pending": false,
          "file": "/home/runner/work/w3c-vc-jose-cose-test-suite/w3c-vc-jose-cose-test-suite/tests/test-runner.js",
          "parent": "Dl0nygqR6d-R-0X22bADF",
          "ctx": null,
          "_testId": "urn:uuid:cee13fdb-b782-4ce5-89a0-f52ac9d86da9",
          "_events": {},
          "_eventsCount": 1,
          "timer": {
            "_idleTimeout": -1,
            "_idlePrev": null,
            "_idleNext": null,
            "_idleStart": 42517,
            "_onTimeout": null,
            "_repeat": null,
            "_destroyed": true
          },
          "cell": {
            "columnId": "independent",
            "rowId": "10. JWT Unsecured Credential Verification"
          },
          "duration": 436,
          "state": "passed",
          "speed": "slow"
        },
        {
          "type": "test",
          "title": "11. JWT Unsecured Presentation Verification",
          "body": "async function() {\n            if (!features[requiredFeature]) {\n              console.log(`Skipping test \"${testName}\" for ${i.name} due to missing feature: ${requiredFeature}`);\n              this.skip();\n              return;\n            }\n\n            console.log(`Running test: ${testName} for implementation: ${i.name}`);\n            await generateTestResults(i.name, testConfig);\n            this.test.cell = {columnId: i.name, rowId: testName};\n            const result = await checkTestResults(i.name, testConfig);\n            console.log(`Test result for ${i.name} - ${testName}: ${result}`);\n            should.equal(result, testConfig.expected_result);\n\n            // Log the test result in a format that matches the report generator's expectations\n            console.log(`Reporter data: ${this.test.cell.columnId},${this.test.cell.rowId},${result}`);\n          }",
          "async": 0,
          "sync": true,
          "_timeout": 150000,
          "_slow": 75,
          "_retries": -1,
          "timedOut": false,
          "_currentRetry": 0,
          "pending": false,
          "file": "/home/runner/work/w3c-vc-jose-cose-test-suite/w3c-vc-jose-cose-test-suite/tests/test-runner.js",
          "parent": "Dl0nygqR6d-R-0X22bADF",
          "ctx": null,
          "_testId": "urn:uuid:7ecf74a6-04c6-4d14-b96b-1e2a3211440c",
          "_events": {},
          "_eventsCount": 1,
          "timer": {
            "_idleTimeout": -1,
            "_idlePrev": null,
            "_idleNext": null,
            "_idleStart": 42956,
            "_onTimeout": null,
            "_repeat": null,
            "_destroyed": true
          },
          "cell": {
            "columnId": "independent",
            "rowId": "11. JWT Unsecured Presentation Verification"
          },
          "duration": 439,
          "state": "passed",
          "speed": "slow"
        },
        {
          "type": "test",
          "title": "12. JWT Credential with an Invalid Signature",
          "body": "async function() {\n            if (!features[requiredFeature]) {\n              console.log(`Skipping test \"${testName}\" for ${i.name} due to missing feature: ${requiredFeature}`);\n              this.skip();\n              return;\n            }\n\n            console.log(`Running test: ${testName} for implementation: ${i.name}`);\n            await generateTestResults(i.name, testConfig);\n            this.test.cell = {columnId: i.name, rowId: testName};\n            const result = await checkTestResults(i.name, testConfig);\n            console.log(`Test result for ${i.name} - ${testName}: ${result}`);\n            should.equal(result, testConfig.expected_result);\n\n            // Log the test result in a format that matches the report generator's expectations\n            console.log(`Reporter data: ${this.test.cell.columnId},${this.test.cell.rowId},${result}`);\n          }",
          "async": 0,
          "sync": true,
          "_timeout": 150000,
          "_slow": 75,
          "_retries": -1,
          "timedOut": false,
          "_currentRetry": 0,
          "pending": false,
          "file": "/home/runner/work/w3c-vc-jose-cose-test-suite/w3c-vc-jose-cose-test-suite/tests/test-runner.js",
          "parent": "Dl0nygqR6d-R-0X22bADF",
          "ctx": null,
          "_testId": "urn:uuid:0015bd27-5356-43f4-aefd-7f8ffdf9b45d",
          "_events": {},
          "_eventsCount": 1,
          "timer": {
            "_idleTimeout": -1,
            "_idlePrev": null,
            "_idleNext": null,
            "_idleStart": 43412,
            "_onTimeout": null,
            "_repeat": null,
            "_destroyed": true
          },
          "cell": {
            "columnId": "independent",
            "rowId": "12. JWT Credential with an Invalid Signature"
          },
          "duration": 455,
          "state": "passed",
          "speed": "slow"
        },
        {
          "type": "test",
          "title": "13. JWT Credential with an Invalid Media Type",
          "body": "async function() {\n            if (!features[requiredFeature]) {\n              console.log(`Skipping test \"${testName}\" for ${i.name} due to missing feature: ${requiredFeature}`);\n              this.skip();\n              return;\n            }\n\n            console.log(`Running test: ${testName} for implementation: ${i.name}`);\n            await generateTestResults(i.name, testConfig);\n            this.test.cell = {columnId: i.name, rowId: testName};\n            const result = await checkTestResults(i.name, testConfig);\n            console.log(`Test result for ${i.name} - ${testName}: ${result}`);\n            should.equal(result, testConfig.expected_result);\n\n            // Log the test result in a format that matches the report generator's expectations\n            console.log(`Reporter data: ${this.test.cell.columnId},${this.test.cell.rowId},${result}`);\n          }",
          "async": 0,
          "sync": true,
          "_timeout": 150000,
          "_slow": 75,
          "_retries": -1,
          "timedOut": false,
          "_currentRetry": 0,
          "pending": false,
          "file": "/home/runner/work/w3c-vc-jose-cose-test-suite/w3c-vc-jose-cose-test-suite/tests/test-runner.js",
          "parent": "Dl0nygqR6d-R-0X22bADF",
          "ctx": null,
          "_testId": "urn:uuid:45a680ff-3b22-49a3-b106-21f9d9da7673",
          "_events": {},
          "_eventsCount": 1,
          "timer": {
            "_idleTimeout": -1,
            "_idlePrev": null,
            "_idleNext": null,
            "_idleStart": 43853,
            "_onTimeout": null,
            "_repeat": null,
            "_destroyed": true
          },
          "cell": {
            "columnId": "independent",
            "rowId": "13. JWT Credential with an Invalid Media Type"
          },
          "duration": 441,
          "state": "passed",
          "speed": "slow"
        },
        {
          "type": "test",
          "title": "14. JWT Presentation with an Invalid Media Type",
          "body": "async function() {\n            if (!features[requiredFeature]) {\n              console.log(`Skipping test \"${testName}\" for ${i.name} due to missing feature: ${requiredFeature}`);\n              this.skip();\n              return;\n            }\n\n            console.log(`Running test: ${testName} for implementation: ${i.name}`);\n            await generateTestResults(i.name, testConfig);\n            this.test.cell = {columnId: i.name, rowId: testName};\n            const result = await checkTestResults(i.name, testConfig);\n            console.log(`Test result for ${i.name} - ${testName}: ${result}`);\n            should.equal(result, testConfig.expected_result);\n\n            // Log the test result in a format that matches the report generator's expectations\n            console.log(`Reporter data: ${this.test.cell.columnId},${this.test.cell.rowId},${result}`);\n          }",
          "async": 0,
          "sync": true,
          "_timeout": 150000,
          "_slow": 75,
          "_retries": -1,
          "timedOut": false,
          "_currentRetry": 0,
          "pending": false,
          "file": "/home/runner/work/w3c-vc-jose-cose-test-suite/w3c-vc-jose-cose-test-suite/tests/test-runner.js",
          "parent": "Dl0nygqR6d-R-0X22bADF",
          "ctx": null,
          "_testId": "urn:uuid:1463670c-78a5-4179-8672-c0e26f1486ac",
          "_events": {},
          "_eventsCount": 1,
          "timer": {
            "_idleTimeout": -1,
            "_idlePrev": null,
            "_idleNext": null,
            "_idleStart": 44289,
            "_onTimeout": null,
            "_repeat": null,
            "_destroyed": true
          },
          "cell": {
            "columnId": "independent",
            "rowId": "14. JWT Presentation with an Invalid Media Type"
          },
          "duration": 435,
          "state": "passed",
          "speed": "slow"
        },
        {
          "type": "test",
          "title": "15. JWT Credential with vc and/or vp Claims",
          "body": "async function() {\n            if (!features[requiredFeature]) {\n              console.log(`Skipping test \"${testName}\" for ${i.name} due to missing feature: ${requiredFeature}`);\n              this.skip();\n              return;\n            }\n\n            console.log(`Running test: ${testName} for implementation: ${i.name}`);\n            await generateTestResults(i.name, testConfig);\n            this.test.cell = {columnId: i.name, rowId: testName};\n            const result = await checkTestResults(i.name, testConfig);\n            console.log(`Test result for ${i.name} - ${testName}: ${result}`);\n            should.equal(result, testConfig.expected_result);\n\n            // Log the test result in a format that matches the report generator's expectations\n            console.log(`Reporter data: ${this.test.cell.columnId},${this.test.cell.rowId},${result}`);\n          }",
          "async": 0,
          "sync": true,
          "_timeout": 150000,
          "_slow": 75,
          "_retries": -1,
          "timedOut": false,
          "_currentRetry": 0,
          "pending": false,
          "file": "/home/runner/work/w3c-vc-jose-cose-test-suite/w3c-vc-jose-cose-test-suite/tests/test-runner.js",
          "parent": "Dl0nygqR6d-R-0X22bADF",
          "ctx": null,
          "_testId": "urn:uuid:b037845c-4062-4983-a2bc-d8a4e5e43590",
          "_events": {},
          "_eventsCount": 1,
          "timer": {
            "_idleTimeout": -1,
            "_idlePrev": null,
            "_idleNext": null,
            "_idleStart": 44756,
            "_onTimeout": null,
            "_repeat": null,
            "_destroyed": true
          },
          "cell": {
            "columnId": "independent",
            "rowId": "15. JWT Credential with vc and/or vp Claims"
          },
          "duration": 466,
          "state": "passed",
          "speed": "slow"
        },
        {
          "type": "test",
          "title": "16. JWT Presentation with Invalid Credential",
          "body": "async function() {\n            if (!features[requiredFeature]) {\n              console.log(`Skipping test \"${testName}\" for ${i.name} due to missing feature: ${requiredFeature}`);\n              this.skip();\n              return;\n            }\n\n            console.log(`Running test: ${testName} for implementation: ${i.name}`);\n            await generateTestResults(i.name, testConfig);\n            this.test.cell = {columnId: i.name, rowId: testName};\n            const result = await checkTestResults(i.name, testConfig);\n            console.log(`Test result for ${i.name} - ${testName}: ${result}`);\n            should.equal(result, testConfig.expected_result);\n\n            // Log the test result in a format that matches the report generator's expectations\n            console.log(`Reporter data: ${this.test.cell.columnId},${this.test.cell.rowId},${result}`);\n          }",
          "async": 0,
          "sync": true,
          "_timeout": 150000,
          "_slow": 75,
          "_retries": -1,
          "timedOut": false,
          "_currentRetry": 0,
          "pending": false,
          "file": "/home/runner/work/w3c-vc-jose-cose-test-suite/w3c-vc-jose-cose-test-suite/tests/test-runner.js",
          "parent": "Dl0nygqR6d-R-0X22bADF",
          "ctx": null,
          "_testId": "urn:uuid:f6afd1ed-a605-4cac-8ad4-bb906738725f",
          "_events": {},
          "_eventsCount": 1,
          "timer": {
            "_idleTimeout": -1,
            "_idlePrev": null,
            "_idleNext": null,
            "_idleStart": 45187,
            "_onTimeout": null,
            "_repeat": null,
            "_destroyed": true
          },
          "cell": {
            "columnId": "independent",
            "rowId": "16. JWT Presentation with Invalid Credential"
          },
          "duration": 430,
          "state": "passed",
          "speed": "slow"
        },
        {
          "type": "test",
          "title": "1. JWT Basic Credential Issuance",
          "body": "async function() {\n            if (!features[requiredFeature]) {\n              console.log(`Skipping test \"${testName}\" for ${i.name} due to missing feature: ${requiredFeature}`);\n              this.skip();\n              return;\n            }\n\n            console.log(`Running test: ${testName} for implementation: ${i.name}`);\n            await generateTestResults(i.name, testConfig);\n            this.test.cell = {columnId: i.name, rowId: testName};\n            const result = await checkTestResults(i.name, testConfig);\n            console.log(`Test result for ${i.name} - ${testName}: ${result}`);\n            should.equal(result, testConfig.expected_result);\n\n            // Log the test result in a format that matches the report generator's expectations\n            console.log(`Reporter data: ${this.test.cell.columnId},${this.test.cell.rowId},${result}`);\n          }",
          "async": 0,
          "sync": true,
          "_timeout": 150000,
          "_slow": 75,
          "_retries": -1,
          "timedOut": false,
          "_currentRetry": 0,
          "pending": false,
          "file": "/home/runner/work/w3c-vc-jose-cose-test-suite/w3c-vc-jose-cose-test-suite/tests/test-runner.js",
          "parent": "yFe5sHSKpWdFfdgEg-BEe",
          "ctx": null,
          "_testId": "urn:uuid:fd6f98ed-f356-4340-b6ce-e472874adafc",
          "_events": {},
          "_eventsCount": 1,
          "timer": {
            "_idleTimeout": -1,
            "_idlePrev": null,
            "_idleNext": null,
            "_idleStart": 65628,
            "_onTimeout": null,
            "_repeat": null,
            "_destroyed": true
          },
          "cell": {
            "columnId": "mavennet",
            "rowId": "1. JWT Basic Credential Issuance"
          },
          "duration": 20441,
          "state": "passed",
          "speed": "slow"
        },
        {
          "type": "test",
          "title": "2. JWT Credential Issuance with All Optional Fields",
          "body": "async function() {\n            if (!features[requiredFeature]) {\n              console.log(`Skipping test \"${testName}\" for ${i.name} due to missing feature: ${requiredFeature}`);\n              this.skip();\n              return;\n            }\n\n            console.log(`Running test: ${testName} for implementation: ${i.name}`);\n            await generateTestResults(i.name, testConfig);\n            this.test.cell = {columnId: i.name, rowId: testName};\n            const result = await checkTestResults(i.name, testConfig);\n            console.log(`Test result for ${i.name} - ${testName}: ${result}`);\n            should.equal(result, testConfig.expected_result);\n\n            // Log the test result in a format that matches the report generator's expectations\n            console.log(`Reporter data: ${this.test.cell.columnId},${this.test.cell.rowId},${result}`);\n          }",
          "async": 0,
          "sync": true,
          "_timeout": 150000,
          "_slow": 75,
          "_retries": -1,
          "timedOut": false,
          "_currentRetry": 0,
          "pending": false,
          "file": "/home/runner/work/w3c-vc-jose-cose-test-suite/w3c-vc-jose-cose-test-suite/tests/test-runner.js",
          "parent": "yFe5sHSKpWdFfdgEg-BEe",
          "ctx": null,
          "_testId": "urn:uuid:83cf8081-79e1-4ca7-832c-26a2533fcc0b",
          "_events": {},
          "_eventsCount": 1,
          "timer": {
            "_idleTimeout": -1,
            "_idlePrev": null,
            "_idleNext": null,
            "_idleStart": 66535,
            "_onTimeout": null,
            "_repeat": null,
            "_destroyed": true
          },
          "cell": {
            "columnId": "mavennet",
            "rowId": "2. JWT Credential Issuance with All Optional Fields"
          },
          "duration": 907,
          "state": "passed",
          "speed": "slow"
        },
        {
          "type": "test",
          "title": "3. JWT Basic Presentation Issuance",
          "body": "async function() {\n            if (!features[requiredFeature]) {\n              console.log(`Skipping test \"${testName}\" for ${i.name} due to missing feature: ${requiredFeature}`);\n              this.skip();\n              return;\n            }\n\n            console.log(`Running test: ${testName} for implementation: ${i.name}`);\n            await generateTestResults(i.name, testConfig);\n            this.test.cell = {columnId: i.name, rowId: testName};\n            const result = await checkTestResults(i.name, testConfig);\n            console.log(`Test result for ${i.name} - ${testName}: ${result}`);\n            should.equal(result, testConfig.expected_result);\n\n            // Log the test result in a format that matches the report generator's expectations\n            console.log(`Reporter data: ${this.test.cell.columnId},${this.test.cell.rowId},${result}`);\n          }",
          "async": 0,
          "sync": true,
          "_timeout": 150000,
          "_slow": 75,
          "_retries": -1,
          "timedOut": false,
          "_currentRetry": 0,
          "pending": false,
          "file": "/home/runner/work/w3c-vc-jose-cose-test-suite/w3c-vc-jose-cose-test-suite/tests/test-runner.js",
          "parent": "yFe5sHSKpWdFfdgEg-BEe",
          "ctx": null,
          "_testId": "urn:uuid:fb848655-f00e-4781-b6a0-7ede7d46d7a6",
          "_events": {},
          "_eventsCount": 1,
          "timer": {
            "_idleTimeout": -1,
            "_idlePrev": null,
            "_idleNext": null,
            "_idleStart": 67407,
            "_onTimeout": null,
            "_repeat": null,
            "_destroyed": true
          },
          "cell": {
            "columnId": "mavennet",
            "rowId": "3. JWT Basic Presentation Issuance"
          },
          "duration": 872,
          "state": "passed",
          "speed": "slow"
        },
        {
          "type": "test",
          "title": "4. JWT Complex Presentation Issuance",
          "body": "async function() {\n            if (!features[requiredFeature]) {\n              console.log(`Skipping test \"${testName}\" for ${i.name} due to missing feature: ${requiredFeature}`);\n              this.skip();\n              return;\n            }\n\n            console.log(`Running test: ${testName} for implementation: ${i.name}`);\n            await generateTestResults(i.name, testConfig);\n            this.test.cell = {columnId: i.name, rowId: testName};\n            const result = await checkTestResults(i.name, testConfig);\n            console.log(`Test result for ${i.name} - ${testName}: ${result}`);\n            should.equal(result, testConfig.expected_result);\n\n            // Log the test result in a format that matches the report generator's expectations\n            console.log(`Reporter data: ${this.test.cell.columnId},${this.test.cell.rowId},${result}`);\n          }",
          "async": 0,
          "sync": true,
          "_timeout": 150000,
          "_slow": 75,
          "_retries": -1,
          "timedOut": false,
          "_currentRetry": 0,
          "pending": false,
          "file": "/home/runner/work/w3c-vc-jose-cose-test-suite/w3c-vc-jose-cose-test-suite/tests/test-runner.js",
          "parent": "yFe5sHSKpWdFfdgEg-BEe",
          "ctx": null,
          "_testId": "urn:uuid:593b6875-c273-405e-b67b-afccffba5d50",
          "_events": {},
          "_eventsCount": 1,
          "timer": {
            "_idleTimeout": -1,
            "_idlePrev": null,
            "_idleNext": null,
            "_idleStart": 68280,
            "_onTimeout": null,
            "_repeat": null,
            "_destroyed": true
          },
          "cell": {
            "columnId": "mavennet",
            "rowId": "4. JWT Complex Presentation Issuance"
          },
          "duration": 872,
          "state": "passed",
          "speed": "slow"
        },
        {
          "type": "test",
          "title": "5. JWT Issuance with Unknown Extensions",
          "body": "async function() {\n            if (!features[requiredFeature]) {\n              console.log(`Skipping test \"${testName}\" for ${i.name} due to missing feature: ${requiredFeature}`);\n              this.skip();\n              return;\n            }\n\n            console.log(`Running test: ${testName} for implementation: ${i.name}`);\n            await generateTestResults(i.name, testConfig);\n            this.test.cell = {columnId: i.name, rowId: testName};\n            const result = await checkTestResults(i.name, testConfig);\n            console.log(`Test result for ${i.name} - ${testName}: ${result}`);\n            should.equal(result, testConfig.expected_result);\n\n            // Log the test result in a format that matches the report generator's expectations\n            console.log(`Reporter data: ${this.test.cell.columnId},${this.test.cell.rowId},${result}`);\n          }",
          "async": 0,
          "sync": true,
          "_timeout": 150000,
          "_slow": 75,
          "_retries": -1,
          "timedOut": false,
          "_currentRetry": 0,
          "pending": false,
          "file": "/home/runner/work/w3c-vc-jose-cose-test-suite/w3c-vc-jose-cose-test-suite/tests/test-runner.js",
          "parent": "yFe5sHSKpWdFfdgEg-BEe",
          "ctx": null,
          "_testId": "urn:uuid:c30ba370-81a5-49a3-8735-b9cc70e272c9",
          "_events": {},
          "_eventsCount": 1,
          "timer": {
            "_idleTimeout": -1,
            "_idlePrev": null,
            "_idleNext": null,
            "_idleStart": 69220,
            "_onTimeout": null,
            "_repeat": null,
            "_destroyed": true
          },
          "cell": {
            "columnId": "mavennet",
            "rowId": "5. JWT Issuance with Unknown Extensions"
          },
          "duration": 939,
          "state": "passed",
          "speed": "slow"
        },
        {
          "type": "test",
          "title": "6. JWT Basic Credential Verification",
          "body": "async function() {\n            if (!features[requiredFeature]) {\n              console.log(`Skipping test \"${testName}\" for ${i.name} due to missing feature: ${requiredFeature}`);\n              this.skip();\n              return;\n            }\n\n            console.log(`Running test: ${testName} for implementation: ${i.name}`);\n            await generateTestResults(i.name, testConfig);\n            this.test.cell = {columnId: i.name, rowId: testName};\n            const result = await checkTestResults(i.name, testConfig);\n            console.log(`Test result for ${i.name} - ${testName}: ${result}`);\n            should.equal(result, testConfig.expected_result);\n\n            // Log the test result in a format that matches the report generator's expectations\n            console.log(`Reporter data: ${this.test.cell.columnId},${this.test.cell.rowId},${result}`);\n          }",
          "async": 0,
          "sync": true,
          "_timeout": 150000,
          "_slow": 75,
          "_retries": -1,
          "timedOut": false,
          "_currentRetry": 0,
          "pending": false,
          "file": "/home/runner/work/w3c-vc-jose-cose-test-suite/w3c-vc-jose-cose-test-suite/tests/test-runner.js",
          "parent": "yFe5sHSKpWdFfdgEg-BEe",
          "ctx": null,
          "_testId": "urn:uuid:4ad222e8-c1bc-4602-9c71-dc60877e66ea",
          "_events": {},
          "_eventsCount": 1,
          "timer": {
            "_idleTimeout": -1,
            "_idlePrev": null,
            "_idleNext": null,
            "_idleStart": 70098,
            "_onTimeout": null,
            "_repeat": null,
            "_destroyed": true
          },
          "cell": {
            "columnId": "mavennet",
            "rowId": "6. JWT Basic Credential Verification"
          },
          "duration": 877,
          "state": "passed",
          "speed": "slow"
        },
        {
          "type": "test",
          "title": "7. JWT Presentation Verification",
          "body": "async function() {\n            if (!features[requiredFeature]) {\n              console.log(`Skipping test \"${testName}\" for ${i.name} due to missing feature: ${requiredFeature}`);\n              this.skip();\n              return;\n            }\n\n            console.log(`Running test: ${testName} for implementation: ${i.name}`);\n            await generateTestResults(i.name, testConfig);\n            this.test.cell = {columnId: i.name, rowId: testName};\n            const result = await checkTestResults(i.name, testConfig);\n            console.log(`Test result for ${i.name} - ${testName}: ${result}`);\n            should.equal(result, testConfig.expected_result);\n\n            // Log the test result in a format that matches the report generator's expectations\n            console.log(`Reporter data: ${this.test.cell.columnId},${this.test.cell.rowId},${result}`);\n          }",
          "async": 0,
          "sync": true,
          "_timeout": 150000,
          "_slow": 75,
          "_retries": -1,
          "timedOut": false,
          "_currentRetry": 0,
          "pending": false,
          "file": "/home/runner/work/w3c-vc-jose-cose-test-suite/w3c-vc-jose-cose-test-suite/tests/test-runner.js",
          "parent": "yFe5sHSKpWdFfdgEg-BEe",
          "ctx": null,
          "_testId": "urn:uuid:47aa9722-656a-42a1-ab92-abe7d1f07a1d",
          "_events": {},
          "_eventsCount": 1,
          "timer": {
            "_idleTimeout": -1,
            "_idlePrev": null,
            "_idleNext": null,
            "_idleStart": 70971,
            "_onTimeout": null,
            "_repeat": null,
            "_destroyed": true
          },
          "cell": {
            "columnId": "mavennet",
            "rowId": "7. JWT Presentation Verification"
          },
          "duration": 872,
          "state": "passed",
          "speed": "slow"
        },
        {
          "type": "test",
          "title": "8. JWT Issuer Match Verification",
          "body": "async function() {\n            if (!features[requiredFeature]) {\n              console.log(`Skipping test \"${testName}\" for ${i.name} due to missing feature: ${requiredFeature}`);\n              this.skip();\n              return;\n            }\n\n            console.log(`Running test: ${testName} for implementation: ${i.name}`);\n            await generateTestResults(i.name, testConfig);\n            this.test.cell = {columnId: i.name, rowId: testName};\n            const result = await checkTestResults(i.name, testConfig);\n            console.log(`Test result for ${i.name} - ${testName}: ${result}`);\n            should.equal(result, testConfig.expected_result);\n\n            // Log the test result in a format that matches the report generator's expectations\n            console.log(`Reporter data: ${this.test.cell.columnId},${this.test.cell.rowId},${result}`);\n          }",
          "async": 0,
          "sync": true,
          "_timeout": 150000,
          "_slow": 75,
          "_retries": -1,
          "timedOut": false,
          "_currentRetry": 0,
          "pending": false,
          "file": "/home/runner/work/w3c-vc-jose-cose-test-suite/w3c-vc-jose-cose-test-suite/tests/test-runner.js",
          "parent": "yFe5sHSKpWdFfdgEg-BEe",
          "ctx": null,
          "_testId": "urn:uuid:61ffad21-db1e-4ab0-a292-b5a9ca00852b",
          "_events": {},
          "_eventsCount": 1,
          "timer": {
            "_idleTimeout": -1,
            "_idlePrev": null,
            "_idleNext": null,
            "_idleStart": 71835,
            "_onTimeout": null,
            "_repeat": null,
            "_destroyed": true
          },
          "cell": {
            "columnId": "mavennet",
            "rowId": "8. JWT Issuer Match Verification"
          },
          "duration": 863,
          "state": "passed",
          "speed": "slow"
        },
        {
          "type": "test",
          "title": "9. JWT Verification With Unknown Extensions",
          "body": "async function() {\n            if (!features[requiredFeature]) {\n              console.log(`Skipping test \"${testName}\" for ${i.name} due to missing feature: ${requiredFeature}`);\n              this.skip();\n              return;\n            }\n\n            console.log(`Running test: ${testName} for implementation: ${i.name}`);\n            await generateTestResults(i.name, testConfig);\n            this.test.cell = {columnId: i.name, rowId: testName};\n            const result = await checkTestResults(i.name, testConfig);\n            console.log(`Test result for ${i.name} - ${testName}: ${result}`);\n            should.equal(result, testConfig.expected_result);\n\n            // Log the test result in a format that matches the report generator's expectations\n            console.log(`Reporter data: ${this.test.cell.columnId},${this.test.cell.rowId},${result}`);\n          }",
          "async": 0,
          "sync": true,
          "_timeout": 150000,
          "_slow": 75,
          "_retries": -1,
          "timedOut": false,
          "_currentRetry": 0,
          "pending": false,
          "file": "/home/runner/work/w3c-vc-jose-cose-test-suite/w3c-vc-jose-cose-test-suite/tests/test-runner.js",
          "parent": "yFe5sHSKpWdFfdgEg-BEe",
          "ctx": null,
          "_testId": "urn:uuid:0232e408-f070-4611-9cf1-b27a6413882b",
          "_events": {},
          "_eventsCount": 1,
          "timer": {
            "_idleTimeout": -1,
            "_idlePrev": null,
            "_idleNext": null,
            "_idleStart": 72699,
            "_onTimeout": null,
            "_repeat": null,
            "_destroyed": true
          },
          "cell": {
            "columnId": "mavennet",
            "rowId": "9. JWT Verification With Unknown Extensions"
          },
          "duration": 864,
          "state": "passed",
          "speed": "slow"
        },
        {
          "type": "test",
          "title": "10. JWT Unsecured Credential Verification",
          "body": "async function() {\n            if (!features[requiredFeature]) {\n              console.log(`Skipping test \"${testName}\" for ${i.name} due to missing feature: ${requiredFeature}`);\n              this.skip();\n              return;\n            }\n\n            console.log(`Running test: ${testName} for implementation: ${i.name}`);\n            await generateTestResults(i.name, testConfig);\n            this.test.cell = {columnId: i.name, rowId: testName};\n            const result = await checkTestResults(i.name, testConfig);\n            console.log(`Test result for ${i.name} - ${testName}: ${result}`);\n            should.equal(result, testConfig.expected_result);\n\n            // Log the test result in a format that matches the report generator's expectations\n            console.log(`Reporter data: ${this.test.cell.columnId},${this.test.cell.rowId},${result}`);\n          }",
          "async": 0,
          "sync": true,
          "_timeout": 150000,
          "_slow": 75,
          "_retries": -1,
          "timedOut": false,
          "_currentRetry": 0,
          "pending": false,
          "file": "/home/runner/work/w3c-vc-jose-cose-test-suite/w3c-vc-jose-cose-test-suite/tests/test-runner.js",
          "parent": "yFe5sHSKpWdFfdgEg-BEe",
          "ctx": null,
          "_testId": "urn:uuid:c170ba9f-7f4d-49c1-9609-1347c2ae35cf",
          "_events": {},
          "_eventsCount": 1,
          "timer": {
            "_idleTimeout": -1,
            "_idlePrev": null,
            "_idleNext": null,
            "_idleStart": 73560,
            "_onTimeout": null,
            "_repeat": null,
            "_destroyed": true
          },
          "cell": {
            "columnId": "mavennet",
            "rowId": "10. JWT Unsecured Credential Verification"
          },
          "duration": 860,
          "state": "passed",
          "speed": "slow"
        },
        {
          "type": "test",
          "title": "11. JWT Unsecured Presentation Verification",
          "body": "async function() {\n            if (!features[requiredFeature]) {\n              console.log(`Skipping test \"${testName}\" for ${i.name} due to missing feature: ${requiredFeature}`);\n              this.skip();\n              return;\n            }\n\n            console.log(`Running test: ${testName} for implementation: ${i.name}`);\n            await generateTestResults(i.name, testConfig);\n            this.test.cell = {columnId: i.name, rowId: testName};\n            const result = await checkTestResults(i.name, testConfig);\n            console.log(`Test result for ${i.name} - ${testName}: ${result}`);\n            should.equal(result, testConfig.expected_result);\n\n            // Log the test result in a format that matches the report generator's expectations\n            console.log(`Reporter data: ${this.test.cell.columnId},${this.test.cell.rowId},${result}`);\n          }",
          "async": 0,
          "sync": true,
          "_timeout": 150000,
          "_slow": 75,
          "_retries": -1,
          "timedOut": false,
          "_currentRetry": 0,
          "pending": false,
          "file": "/home/runner/work/w3c-vc-jose-cose-test-suite/w3c-vc-jose-cose-test-suite/tests/test-runner.js",
          "parent": "yFe5sHSKpWdFfdgEg-BEe",
          "ctx": null,
          "_testId": "urn:uuid:2f46881f-758c-4a84-b550-c03e668dc24e",
          "_events": {},
          "_eventsCount": 1,
          "timer": {
            "_idleTimeout": -1,
            "_idlePrev": null,
            "_idleNext": null,
            "_idleStart": 74430,
            "_onTimeout": null,
            "_repeat": null,
            "_destroyed": true
          },
          "cell": {
            "columnId": "mavennet",
            "rowId": "11. JWT Unsecured Presentation Verification"
          },
          "duration": 869,
          "state": "passed",
          "speed": "slow"
        },
        {
          "type": "test",
          "title": "12. JWT Credential with an Invalid Signature",
          "body": "async function() {\n            if (!features[requiredFeature]) {\n              console.log(`Skipping test \"${testName}\" for ${i.name} due to missing feature: ${requiredFeature}`);\n              this.skip();\n              return;\n            }\n\n            console.log(`Running test: ${testName} for implementation: ${i.name}`);\n            await generateTestResults(i.name, testConfig);\n            this.test.cell = {columnId: i.name, rowId: testName};\n            const result = await checkTestResults(i.name, testConfig);\n            console.log(`Test result for ${i.name} - ${testName}: ${result}`);\n            should.equal(result, testConfig.expected_result);\n\n            // Log the test result in a format that matches the report generator's expectations\n            console.log(`Reporter data: ${this.test.cell.columnId},${this.test.cell.rowId},${result}`);\n          }",
          "async": 0,
          "sync": true,
          "_timeout": 150000,
          "_slow": 75,
          "_retries": -1,
          "timedOut": false,
          "_currentRetry": 0,
          "pending": false,
          "file": "/home/runner/work/w3c-vc-jose-cose-test-suite/w3c-vc-jose-cose-test-suite/tests/test-runner.js",
          "parent": "yFe5sHSKpWdFfdgEg-BEe",
          "ctx": null,
          "_testId": "urn:uuid:ce6c8986-0d99-48b4-902d-1bf67ec9033d",
          "_events": {},
          "_eventsCount": 1,
          "timer": {
            "_idleTimeout": -1,
            "_idlePrev": null,
            "_idleNext": null,
            "_idleStart": 75305,
            "_onTimeout": null,
            "_repeat": null,
            "_destroyed": true
          },
          "cell": {
            "columnId": "mavennet",
            "rowId": "12. JWT Credential with an Invalid Signature"
          },
          "duration": 874,
          "state": "passed",
          "speed": "slow"
        },
        {
          "type": "test",
          "title": "13. JWT Credential with an Invalid Media Type",
          "body": "async function() {\n            if (!features[requiredFeature]) {\n              console.log(`Skipping test \"${testName}\" for ${i.name} due to missing feature: ${requiredFeature}`);\n              this.skip();\n              return;\n            }\n\n            console.log(`Running test: ${testName} for implementation: ${i.name}`);\n            await generateTestResults(i.name, testConfig);\n            this.test.cell = {columnId: i.name, rowId: testName};\n            const result = await checkTestResults(i.name, testConfig);\n            console.log(`Test result for ${i.name} - ${testName}: ${result}`);\n            should.equal(result, testConfig.expected_result);\n\n            // Log the test result in a format that matches the report generator's expectations\n            console.log(`Reporter data: ${this.test.cell.columnId},${this.test.cell.rowId},${result}`);\n          }",
          "async": 0,
          "sync": true,
          "_timeout": 150000,
          "_slow": 75,
          "_retries": -1,
          "timedOut": false,
          "_currentRetry": 0,
          "pending": false,
          "file": "/home/runner/work/w3c-vc-jose-cose-test-suite/w3c-vc-jose-cose-test-suite/tests/test-runner.js",
          "parent": "yFe5sHSKpWdFfdgEg-BEe",
          "ctx": null,
          "_testId": "urn:uuid:4efe94cf-2c70-4fa0-acc4-3d04a3dff30e",
          "_events": {},
          "_eventsCount": 1,
          "timer": {
            "_idleTimeout": -1,
            "_idlePrev": null,
            "_idleNext": null,
            "_idleStart": 76161,
            "_onTimeout": null,
            "_repeat": null,
            "_destroyed": true
          },
          "cell": {
            "columnId": "mavennet",
            "rowId": "13. JWT Credential with an Invalid Media Type"
          },
          "duration": 855,
          "state": "passed",
          "speed": "slow"
        },
        {
          "type": "test",
          "title": "14. JWT Presentation with an Invalid Media Type",
          "body": "async function() {\n            if (!features[requiredFeature]) {\n              console.log(`Skipping test \"${testName}\" for ${i.name} due to missing feature: ${requiredFeature}`);\n              this.skip();\n              return;\n            }\n\n            console.log(`Running test: ${testName} for implementation: ${i.name}`);\n            await generateTestResults(i.name, testConfig);\n            this.test.cell = {columnId: i.name, rowId: testName};\n            const result = await checkTestResults(i.name, testConfig);\n            console.log(`Test result for ${i.name} - ${testName}: ${result}`);\n            should.equal(result, testConfig.expected_result);\n\n            // Log the test result in a format that matches the report generator's expectations\n            console.log(`Reporter data: ${this.test.cell.columnId},${this.test.cell.rowId},${result}`);\n          }",
          "async": 0,
          "sync": true,
          "_timeout": 150000,
          "_slow": 75,
          "_retries": -1,
          "timedOut": false,
          "_currentRetry": 0,
          "pending": false,
          "file": "/home/runner/work/w3c-vc-jose-cose-test-suite/w3c-vc-jose-cose-test-suite/tests/test-runner.js",
          "parent": "yFe5sHSKpWdFfdgEg-BEe",
          "ctx": null,
          "_testId": "urn:uuid:7b5e00c7-a120-43e5-ad76-f45b5859cd09",
          "_events": {},
          "_eventsCount": 1,
          "timer": {
            "_idleTimeout": -1,
            "_idlePrev": null,
            "_idleNext": null,
            "_idleStart": 77016,
            "_onTimeout": null,
            "_repeat": null,
            "_destroyed": true
          },
          "cell": {
            "columnId": "mavennet",
            "rowId": "14. JWT Presentation with an Invalid Media Type"
          },
          "duration": 855,
          "state": "passed",
          "speed": "slow"
        },
        {
          "type": "test",
          "title": "15. JWT Credential with vc and/or vp Claims",
          "body": "async function() {\n            if (!features[requiredFeature]) {\n              console.log(`Skipping test \"${testName}\" for ${i.name} due to missing feature: ${requiredFeature}`);\n              this.skip();\n              return;\n            }\n\n            console.log(`Running test: ${testName} for implementation: ${i.name}`);\n            await generateTestResults(i.name, testConfig);\n            this.test.cell = {columnId: i.name, rowId: testName};\n            const result = await checkTestResults(i.name, testConfig);\n            console.log(`Test result for ${i.name} - ${testName}: ${result}`);\n            should.equal(result, testConfig.expected_result);\n\n            // Log the test result in a format that matches the report generator's expectations\n            console.log(`Reporter data: ${this.test.cell.columnId},${this.test.cell.rowId},${result}`);\n          }",
          "async": 0,
          "sync": true,
          "_timeout": 150000,
          "_slow": 75,
          "_retries": -1,
          "timedOut": false,
          "_currentRetry": 0,
          "pending": false,
          "file": "/home/runner/work/w3c-vc-jose-cose-test-suite/w3c-vc-jose-cose-test-suite/tests/test-runner.js",
          "parent": "yFe5sHSKpWdFfdgEg-BEe",
          "ctx": null,
          "_testId": "urn:uuid:7353e037-db1f-4c4d-ba56-5b971c8a726f",
          "_events": {},
          "_eventsCount": 1,
          "timer": {
            "_idleTimeout": -1,
            "_idlePrev": null,
            "_idleNext": null,
            "_idleStart": 77892,
            "_onTimeout": null,
            "_repeat": null,
            "_destroyed": true
          },
          "cell": {
            "columnId": "mavennet",
            "rowId": "15. JWT Credential with vc and/or vp Claims"
          },
          "duration": 875,
          "state": "passed",
          "speed": "slow"
        },
        {
          "type": "test",
          "title": "16. JWT Presentation with Invalid Credential",
          "body": "async function() {\n            if (!features[requiredFeature]) {\n              console.log(`Skipping test \"${testName}\" for ${i.name} due to missing feature: ${requiredFeature}`);\n              this.skip();\n              return;\n            }\n\n            console.log(`Running test: ${testName} for implementation: ${i.name}`);\n            await generateTestResults(i.name, testConfig);\n            this.test.cell = {columnId: i.name, rowId: testName};\n            const result = await checkTestResults(i.name, testConfig);\n            console.log(`Test result for ${i.name} - ${testName}: ${result}`);\n            should.equal(result, testConfig.expected_result);\n\n            // Log the test result in a format that matches the report generator's expectations\n            console.log(`Reporter data: ${this.test.cell.columnId},${this.test.cell.rowId},${result}`);\n          }",
          "async": 0,
          "sync": true,
          "_timeout": 150000,
          "_slow": 75,
          "_retries": -1,
          "timedOut": false,
          "_currentRetry": 0,
          "pending": false,
          "file": "/home/runner/work/w3c-vc-jose-cose-test-suite/w3c-vc-jose-cose-test-suite/tests/test-runner.js",
          "parent": "yFe5sHSKpWdFfdgEg-BEe",
          "ctx": null,
          "_testId": "urn:uuid:3bfb4bed-3b69-424e-94e1-c3ad69b1308b",
          "_events": {},
          "_eventsCount": 1,
          "timer": {
            "_idleTimeout": -1,
            "_idlePrev": null,
            "_idleNext": null,
            "_idleStart": 78760,
            "_onTimeout": null,
            "_repeat": null,
            "_destroyed": true
          },
          "cell": {
            "columnId": "mavennet",
            "rowId": "16. JWT Presentation with Invalid Credential"
          },
          "duration": 867,
          "state": "passed",
          "speed": "slow"
        }
      ],
      "root": false,
      "pending": false,
      "_retries": -1,
      "_beforeEach": [],
      "_beforeAll": [],
      "_afterEach": [],
      "_afterAll": [],
      "_timeout": 150000,
      "_slow": 75,
      "_bail": false,
      "_onlyTests": [],
      "_onlySuites": [],
      "delayed": false,
      "parent": "L09jRv2ot9ktYdXPwPKkN",
      "file": "/home/runner/work/w3c-vc-jose-cose-test-suite/w3c-vc-jose-cose-test-suite/tests/test-runner.js",
      "matrix": true,
      "report": true,
      "implemented": [
        "independent",
        "mavennet"
      ],
      "rowLabel": "Test Name",
      "columnLabel": "Implementation",
      "_testId": "urn:uuid:6e5adec1-7fd3-458b-a32b-ef1fc5057663"
    },
    {
      "title": "SD-JWT Tests",
      "ctx": null,
      "suites": [
        {
          "title": "independent",
          "ctx": null,
          "suites": [],
          "tests": [
            {
              "type": "test",
              "title": "17. SD-JWT Basic Credential Issuance",
              "body": "async function() {\n            if (!features[requiredFeature]) {\n              console.log(`Skipping test \"${testName}\" for ${i.name} due to missing feature: ${requiredFeature}`);\n              this.skip();\n              return;\n            }\n\n            console.log(`Running test: ${testName} for implementation: ${i.name}`);\n            await generateTestResults(i.name, testConfig);\n            this.test.cell = {columnId: i.name, rowId: testName};\n            const result = await checkTestResults(i.name, testConfig);\n            console.log(`Test result for ${i.name} - ${testName}: ${result}`);\n            should.equal(result, testConfig.expected_result);\n\n            // Log the test result in a format that matches the report generator's expectations\n            console.log(`Reporter data: ${this.test.cell.columnId},${this.test.cell.rowId},${result}`);\n          }",
              "async": 0,
              "sync": true,
              "_timeout": 150000,
              "_slow": 75,
              "_retries": -1,
              "timedOut": false,
              "_currentRetry": 0,
              "pending": false,
              "file": "/home/runner/work/w3c-vc-jose-cose-test-suite/w3c-vc-jose-cose-test-suite/tests/test-runner.js",
              "parent": "N82m1HdZkrWIZ9jFXeqMy",
              "ctx": null,
              "_testId": "urn:uuid:cd39592f-c8e7-48bb-8d10-ffec1a62ab20",
              "_events": {},
              "_eventsCount": 1,
              "timer": {
                "_idleTimeout": -1,
                "_idlePrev": null,
                "_idleNext": null,
                "_idleStart": 79212,
                "_onTimeout": null,
                "_repeat": null,
                "_destroyed": true
              },
              "cell": {
                "columnId": "independent",
                "rowId": "17. SD-JWT Basic Credential Issuance"
              },
              "duration": 452,
              "state": "passed",
              "speed": "slow"
            },
            {
              "type": "test",
              "title": "18. SD-JWT Complex Credential Issuance",
              "body": "async function() {\n            if (!features[requiredFeature]) {\n              console.log(`Skipping test \"${testName}\" for ${i.name} due to missing feature: ${requiredFeature}`);\n              this.skip();\n              return;\n            }\n\n            console.log(`Running test: ${testName} for implementation: ${i.name}`);\n            await generateTestResults(i.name, testConfig);\n            this.test.cell = {columnId: i.name, rowId: testName};\n            const result = await checkTestResults(i.name, testConfig);\n            console.log(`Test result for ${i.name} - ${testName}: ${result}`);\n            should.equal(result, testConfig.expected_result);\n\n            // Log the test result in a format that matches the report generator's expectations\n            console.log(`Reporter data: ${this.test.cell.columnId},${this.test.cell.rowId},${result}`);\n          }",
              "async": 0,
              "sync": true,
              "_timeout": 150000,
              "_slow": 75,
              "_retries": -1,
              "timedOut": false,
              "_currentRetry": 0,
              "pending": false,
              "file": "/home/runner/work/w3c-vc-jose-cose-test-suite/w3c-vc-jose-cose-test-suite/tests/test-runner.js",
              "parent": "N82m1HdZkrWIZ9jFXeqMy",
              "ctx": null,
              "_testId": "urn:uuid:a590981c-9941-442d-8f11-d4a3b47f464d",
              "_events": {},
              "_eventsCount": 1,
              "timer": {
                "_idleTimeout": -1,
                "_idlePrev": null,
                "_idleNext": null,
                "_idleStart": 79650,
                "_onTimeout": null,
                "_repeat": null,
                "_destroyed": true
              },
              "cell": {
                "columnId": "independent",
                "rowId": "18. SD-JWT Complex Credential Issuance"
              },
              "duration": 437,
              "state": "passed",
              "speed": "slow"
            },
            {
              "type": "test",
              "title": "19. SD-JWT Presentation Issuance",
              "body": "async function() {\n            if (!features[requiredFeature]) {\n              console.log(`Skipping test \"${testName}\" for ${i.name} due to missing feature: ${requiredFeature}`);\n              this.skip();\n              return;\n            }\n\n            console.log(`Running test: ${testName} for implementation: ${i.name}`);\n            await generateTestResults(i.name, testConfig);\n            this.test.cell = {columnId: i.name, rowId: testName};\n            const result = await checkTestResults(i.name, testConfig);\n            console.log(`Test result for ${i.name} - ${testName}: ${result}`);\n            should.equal(result, testConfig.expected_result);\n\n            // Log the test result in a format that matches the report generator's expectations\n            console.log(`Reporter data: ${this.test.cell.columnId},${this.test.cell.rowId},${result}`);\n          }",
              "async": 0,
              "sync": true,
              "_timeout": 150000,
              "_slow": 75,
              "_retries": -1,
              "timedOut": false,
              "_currentRetry": 0,
              "pending": false,
              "file": "/home/runner/work/w3c-vc-jose-cose-test-suite/w3c-vc-jose-cose-test-suite/tests/test-runner.js",
              "parent": "N82m1HdZkrWIZ9jFXeqMy",
              "ctx": null,
              "_testId": "urn:uuid:cf88cb62-e0e3-4c91-a2a7-b37c40e17c70",
              "_events": {},
              "_eventsCount": 1,
              "timer": {
                "_idleTimeout": -1,
                "_idlePrev": null,
                "_idleNext": null,
                "_idleStart": 80103,
                "_onTimeout": null,
                "_repeat": null,
                "_destroyed": true
              },
              "cell": {
                "columnId": "independent",
                "rowId": "19. SD-JWT Presentation Issuance"
              },
              "duration": 454,
              "state": "passed",
              "speed": "slow"
            },
            {
              "type": "test",
              "title": "20. SD-JWT Basic Credential Verification",
              "body": "async function() {\n            if (!features[requiredFeature]) {\n              console.log(`Skipping test \"${testName}\" for ${i.name} due to missing feature: ${requiredFeature}`);\n              this.skip();\n              return;\n            }\n\n            console.log(`Running test: ${testName} for implementation: ${i.name}`);\n            await generateTestResults(i.name, testConfig);\n            this.test.cell = {columnId: i.name, rowId: testName};\n            const result = await checkTestResults(i.name, testConfig);\n            console.log(`Test result for ${i.name} - ${testName}: ${result}`);\n            should.equal(result, testConfig.expected_result);\n\n            // Log the test result in a format that matches the report generator's expectations\n            console.log(`Reporter data: ${this.test.cell.columnId},${this.test.cell.rowId},${result}`);\n          }",
              "async": 0,
              "sync": true,
              "_timeout": 150000,
              "_slow": 75,
              "_retries": -1,
              "timedOut": false,
              "_currentRetry": 0,
              "pending": false,
              "file": "/home/runner/work/w3c-vc-jose-cose-test-suite/w3c-vc-jose-cose-test-suite/tests/test-runner.js",
              "parent": "N82m1HdZkrWIZ9jFXeqMy",
              "ctx": null,
              "_testId": "urn:uuid:49b451f7-4c8a-4988-a1fd-fd7e297639e0",
              "_events": {},
              "_eventsCount": 1,
              "timer": {
                "_idleTimeout": -1,
                "_idlePrev": null,
                "_idleNext": null,
                "_idleStart": 80563,
                "_onTimeout": null,
                "_repeat": null,
                "_destroyed": true
              },
              "cell": {
                "columnId": "independent",
                "rowId": "20. SD-JWT Basic Credential Verification"
              },
              "duration": 458,
              "state": "passed",
              "speed": "slow"
            },
            {
              "type": "test",
              "title": "21. SD-JWT Complex Credential Verification",
              "body": "async function() {\n            if (!features[requiredFeature]) {\n              console.log(`Skipping test \"${testName}\" for ${i.name} due to missing feature: ${requiredFeature}`);\n              this.skip();\n              return;\n            }\n\n            console.log(`Running test: ${testName} for implementation: ${i.name}`);\n            await generateTestResults(i.name, testConfig);\n            this.test.cell = {columnId: i.name, rowId: testName};\n            const result = await checkTestResults(i.name, testConfig);\n            console.log(`Test result for ${i.name} - ${testName}: ${result}`);\n            should.equal(result, testConfig.expected_result);\n\n            // Log the test result in a format that matches the report generator's expectations\n            console.log(`Reporter data: ${this.test.cell.columnId},${this.test.cell.rowId},${result}`);\n          }",
              "async": 0,
              "sync": true,
              "_timeout": 150000,
              "_slow": 75,
              "_retries": -1,
              "timedOut": false,
              "_currentRetry": 0,
              "pending": false,
              "file": "/home/runner/work/w3c-vc-jose-cose-test-suite/w3c-vc-jose-cose-test-suite/tests/test-runner.js",
              "parent": "N82m1HdZkrWIZ9jFXeqMy",
              "ctx": null,
              "_testId": "urn:uuid:e0afc821-b02b-4e69-8bb9-f2f4e098bb8d",
              "_events": {},
              "_eventsCount": 1,
              "timer": {
                "_idleTimeout": -1,
                "_idlePrev": null,
                "_idleNext": null,
                "_idleStart": 81021,
                "_onTimeout": null,
                "_repeat": null,
                "_destroyed": true
              },
              "cell": {
                "columnId": "independent",
                "rowId": "21. SD-JWT Complex Credential Verification"
              },
              "duration": 457,
              "state": "passed",
              "speed": "slow"
            },
            {
              "type": "test",
              "title": "22. SD-JWT Presentation Verification",
              "body": "async function() {\n            if (!features[requiredFeature]) {\n              console.log(`Skipping test \"${testName}\" for ${i.name} due to missing feature: ${requiredFeature}`);\n              this.skip();\n              return;\n            }\n\n            console.log(`Running test: ${testName} for implementation: ${i.name}`);\n            await generateTestResults(i.name, testConfig);\n            this.test.cell = {columnId: i.name, rowId: testName};\n            const result = await checkTestResults(i.name, testConfig);\n            console.log(`Test result for ${i.name} - ${testName}: ${result}`);\n            should.equal(result, testConfig.expected_result);\n\n            // Log the test result in a format that matches the report generator's expectations\n            console.log(`Reporter data: ${this.test.cell.columnId},${this.test.cell.rowId},${result}`);\n          }",
              "async": 0,
              "sync": true,
              "_timeout": 150000,
              "_slow": 75,
              "_retries": -1,
              "timedOut": false,
              "_currentRetry": 0,
              "pending": false,
              "file": "/home/runner/work/w3c-vc-jose-cose-test-suite/w3c-vc-jose-cose-test-suite/tests/test-runner.js",
              "parent": "N82m1HdZkrWIZ9jFXeqMy",
              "ctx": null,
              "_testId": "urn:uuid:e31d2b9b-8858-4d5a-aa71-79b3773a3068",
              "_events": {},
              "_eventsCount": 1,
              "timer": {
                "_idleTimeout": -1,
                "_idlePrev": null,
                "_idleNext": null,
                "_idleStart": 81466,
                "_onTimeout": null,
                "_repeat": null,
                "_destroyed": true
              },
              "cell": {
                "columnId": "independent",
                "rowId": "22. SD-JWT Presentation Verification"
              },
              "duration": 445,
              "state": "passed",
              "speed": "slow"
            },
            {
              "type": "test",
              "title": "23. SD-JWT Credential With an Invalid Signature",
              "body": "async function() {\n            if (!features[requiredFeature]) {\n              console.log(`Skipping test \"${testName}\" for ${i.name} due to missing feature: ${requiredFeature}`);\n              this.skip();\n              return;\n            }\n\n            console.log(`Running test: ${testName} for implementation: ${i.name}`);\n            await generateTestResults(i.name, testConfig);\n            this.test.cell = {columnId: i.name, rowId: testName};\n            const result = await checkTestResults(i.name, testConfig);\n            console.log(`Test result for ${i.name} - ${testName}: ${result}`);\n            should.equal(result, testConfig.expected_result);\n\n            // Log the test result in a format that matches the report generator's expectations\n            console.log(`Reporter data: ${this.test.cell.columnId},${this.test.cell.rowId},${result}`);\n          }",
              "async": 0,
              "sync": true,
              "_timeout": 150000,
              "_slow": 75,
              "_retries": -1,
              "timedOut": false,
              "_currentRetry": 0,
              "pending": false,
              "file": "/home/runner/work/w3c-vc-jose-cose-test-suite/w3c-vc-jose-cose-test-suite/tests/test-runner.js",
              "parent": "N82m1HdZkrWIZ9jFXeqMy",
              "ctx": null,
              "_testId": "urn:uuid:622761d9-e70d-4014-b16a-73d0ce2fcb1c",
              "_events": {},
              "_eventsCount": 1,
              "timer": {
                "_idleTimeout": -1,
                "_idlePrev": null,
                "_idleNext": null,
                "_idleStart": 81904,
                "_onTimeout": null,
                "_repeat": null,
                "_destroyed": true
              },
              "cell": {
                "columnId": "independent",
                "rowId": "23. SD-JWT Credential With an Invalid Signature"
              },
              "duration": 437,
              "state": "passed",
              "speed": "slow"
            },
            {
              "type": "test",
              "title": "24. SD-JWT Credential with an Invalid Media Type",
              "body": "async function() {\n            if (!features[requiredFeature]) {\n              console.log(`Skipping test \"${testName}\" for ${i.name} due to missing feature: ${requiredFeature}`);\n              this.skip();\n              return;\n            }\n\n            console.log(`Running test: ${testName} for implementation: ${i.name}`);\n            await generateTestResults(i.name, testConfig);\n            this.test.cell = {columnId: i.name, rowId: testName};\n            const result = await checkTestResults(i.name, testConfig);\n            console.log(`Test result for ${i.name} - ${testName}: ${result}`);\n            should.equal(result, testConfig.expected_result);\n\n            // Log the test result in a format that matches the report generator's expectations\n            console.log(`Reporter data: ${this.test.cell.columnId},${this.test.cell.rowId},${result}`);\n          }",
              "async": 0,
              "sync": true,
              "_timeout": 150000,
              "_slow": 75,
              "_retries": -1,
              "timedOut": false,
              "_currentRetry": 0,
              "pending": false,
              "file": "/home/runner/work/w3c-vc-jose-cose-test-suite/w3c-vc-jose-cose-test-suite/tests/test-runner.js",
              "parent": "N82m1HdZkrWIZ9jFXeqMy",
              "ctx": null,
              "_testId": "urn:uuid:1a492aa2-9086-40e8-ab65-db4a60ac6469",
              "_events": {},
              "_eventsCount": 1,
              "timer": {
                "_idleTimeout": -1,
                "_idlePrev": null,
                "_idleNext": null,
                "_idleStart": 82341,
                "_onTimeout": null,
                "_repeat": null,
                "_destroyed": true
              },
              "cell": {
                "columnId": "independent",
                "rowId": "24. SD-JWT Credential with an Invalid Media Type"
              },
              "duration": 436,
              "state": "passed",
              "speed": "slow"
            },
            {
              "type": "test",
              "title": "25. SD-JWT Presentation with an Invalid Media Type",
              "body": "async function() {\n            if (!features[requiredFeature]) {\n              console.log(`Skipping test \"${testName}\" for ${i.name} due to missing feature: ${requiredFeature}`);\n              this.skip();\n              return;\n            }\n\n            console.log(`Running test: ${testName} for implementation: ${i.name}`);\n            await generateTestResults(i.name, testConfig);\n            this.test.cell = {columnId: i.name, rowId: testName};\n            const result = await checkTestResults(i.name, testConfig);\n            console.log(`Test result for ${i.name} - ${testName}: ${result}`);\n            should.equal(result, testConfig.expected_result);\n\n            // Log the test result in a format that matches the report generator's expectations\n            console.log(`Reporter data: ${this.test.cell.columnId},${this.test.cell.rowId},${result}`);\n          }",
              "async": 0,
              "sync": true,
              "_timeout": 150000,
              "_slow": 75,
              "_retries": -1,
              "timedOut": false,
              "_currentRetry": 0,
              "pending": false,
              "file": "/home/runner/work/w3c-vc-jose-cose-test-suite/w3c-vc-jose-cose-test-suite/tests/test-runner.js",
              "parent": "N82m1HdZkrWIZ9jFXeqMy",
              "ctx": null,
              "_testId": "urn:uuid:50087f2a-be5b-4072-99ee-91e856612e78",
              "_events": {},
              "_eventsCount": 1,
              "timer": {
                "_idleTimeout": -1,
                "_idlePrev": null,
                "_idleNext": null,
                "_idleStart": 82780,
                "_onTimeout": null,
                "_repeat": null,
                "_destroyed": true
              },
              "cell": {
                "columnId": "independent",
                "rowId": "25. SD-JWT Presentation with an Invalid Media Type"
              },
              "duration": 439,
              "state": "passed",
              "speed": "slow"
            },
            {
              "type": "test",
              "title": "26. SD-JWT Presentation with Invalid Credentials",
              "body": "async function() {\n            if (!features[requiredFeature]) {\n              console.log(`Skipping test \"${testName}\" for ${i.name} due to missing feature: ${requiredFeature}`);\n              this.skip();\n              return;\n            }\n\n            console.log(`Running test: ${testName} for implementation: ${i.name}`);\n            await generateTestResults(i.name, testConfig);\n            this.test.cell = {columnId: i.name, rowId: testName};\n            const result = await checkTestResults(i.name, testConfig);\n            console.log(`Test result for ${i.name} - ${testName}: ${result}`);\n            should.equal(result, testConfig.expected_result);\n\n            // Log the test result in a format that matches the report generator's expectations\n            console.log(`Reporter data: ${this.test.cell.columnId},${this.test.cell.rowId},${result}`);\n          }",
              "async": 0,
              "sync": true,
              "_timeout": 150000,
              "_slow": 75,
              "_retries": -1,
              "timedOut": false,
              "_currentRetry": 0,
              "pending": false,
              "file": "/home/runner/work/w3c-vc-jose-cose-test-suite/w3c-vc-jose-cose-test-suite/tests/test-runner.js",
              "parent": "N82m1HdZkrWIZ9jFXeqMy",
              "ctx": null,
              "_testId": "urn:uuid:913d2dcd-fcba-40bb-8c8e-70fd93ec824a",
              "_events": {},
              "_eventsCount": 1,
              "timer": {
                "_idleTimeout": -1,
                "_idlePrev": null,
                "_idleNext": null,
                "_idleStart": 83248,
                "_onTimeout": null,
                "_repeat": null,
                "_destroyed": true
              },
              "cell": {
                "columnId": "independent",
                "rowId": "26. SD-JWT Presentation with Invalid Credentials"
              },
              "duration": 467,
              "state": "passed",
              "speed": "slow"
            }
          ],
          "root": false,
          "pending": false,
          "_retries": -1,
          "_beforeEach": [],
          "_beforeAll": [],
          "_afterEach": [],
          "_afterAll": [],
          "_timeout": 150000,
          "_slow": 75,
          "_bail": false,
          "_onlyTests": [],
          "_onlySuites": [],
          "delayed": false,
          "parent": "HLLVM13QWhRTA7KqyNleU",
          "file": "/home/runner/work/w3c-vc-jose-cose-test-suite/w3c-vc-jose-cose-test-suite/tests/test-runner.js",
          "_testId": "urn:uuid:7864ecb5-2e0a-483a-8a45-b39d652a5b46"
        },
        {
          "title": "mavennet",
          "ctx": null,
          "suites": [],
          "tests": [
            {
              "type": "test",
              "title": "17. SD-JWT Basic Credential Issuance",
              "body": "async function() {\n            if (!features[requiredFeature]) {\n              console.log(`Skipping test \"${testName}\" for ${i.name} due to missing feature: ${requiredFeature}`);\n              this.skip();\n              return;\n            }\n\n            console.log(`Running test: ${testName} for implementation: ${i.name}`);\n            await generateTestResults(i.name, testConfig);\n            this.test.cell = {columnId: i.name, rowId: testName};\n            const result = await checkTestResults(i.name, testConfig);\n            console.log(`Test result for ${i.name} - ${testName}: ${result}`);\n            should.equal(result, testConfig.expected_result);\n\n            // Log the test result in a format that matches the report generator's expectations\n            console.log(`Reporter data: ${this.test.cell.columnId},${this.test.cell.rowId},${result}`);\n          }",
              "async": 0,
              "sync": true,
              "_timeout": 150000,
              "_slow": 75,
              "_retries": -1,
              "timedOut": false,
              "_currentRetry": 0,
              "pending": true,
              "file": "/home/runner/work/w3c-vc-jose-cose-test-suite/w3c-vc-jose-cose-test-suite/tests/test-runner.js",
              "parent": "mwkSNU4L3e2HrEXM7l6EY",
              "ctx": null,
              "_testId": "urn:uuid:06eec511-e2e7-4eb4-9e65-29d7dc1b9e19",
              "_events": {},
              "_eventsCount": 1,
              "timer": {
                "_idleTimeout": -1,
                "_idlePrev": null,
                "_idleNext": null,
                "_idleStart": 83399,
                "_onTimeout": null,
                "_repeat": null,
                "_destroyed": true
              },
              "duration": 0,
              "state": "pending"
            },
            {
              "type": "test",
              "title": "18. SD-JWT Complex Credential Issuance",
              "body": "async function() {\n            if (!features[requiredFeature]) {\n              console.log(`Skipping test \"${testName}\" for ${i.name} due to missing feature: ${requiredFeature}`);\n              this.skip();\n              return;\n            }\n\n            console.log(`Running test: ${testName} for implementation: ${i.name}`);\n            await generateTestResults(i.name, testConfig);\n            this.test.cell = {columnId: i.name, rowId: testName};\n            const result = await checkTestResults(i.name, testConfig);\n            console.log(`Test result for ${i.name} - ${testName}: ${result}`);\n            should.equal(result, testConfig.expected_result);\n\n            // Log the test result in a format that matches the report generator's expectations\n            console.log(`Reporter data: ${this.test.cell.columnId},${this.test.cell.rowId},${result}`);\n          }",
              "async": 0,
              "sync": true,
              "_timeout": 150000,
              "_slow": 75,
              "_retries": -1,
              "timedOut": false,
              "_currentRetry": 0,
              "pending": true,
              "file": "/home/runner/work/w3c-vc-jose-cose-test-suite/w3c-vc-jose-cose-test-suite/tests/test-runner.js",
              "parent": "mwkSNU4L3e2HrEXM7l6EY",
              "ctx": null,
              "_testId": "urn:uuid:f0601606-3542-44a1-9017-2dc4277d9f7c",
              "_events": {},
              "_eventsCount": 1,
              "timer": {
                "_idleTimeout": -1,
                "_idlePrev": null,
                "_idleNext": null,
                "_idleStart": 83399,
                "_onTimeout": null,
                "_repeat": null,
                "_destroyed": true
              },
              "duration": 0,
              "state": "pending"
            },
            {
              "type": "test",
              "title": "19. SD-JWT Presentation Issuance",
              "body": "async function() {\n            if (!features[requiredFeature]) {\n              console.log(`Skipping test \"${testName}\" for ${i.name} due to missing feature: ${requiredFeature}`);\n              this.skip();\n              return;\n            }\n\n            console.log(`Running test: ${testName} for implementation: ${i.name}`);\n            await generateTestResults(i.name, testConfig);\n            this.test.cell = {columnId: i.name, rowId: testName};\n            const result = await checkTestResults(i.name, testConfig);\n            console.log(`Test result for ${i.name} - ${testName}: ${result}`);\n            should.equal(result, testConfig.expected_result);\n\n            // Log the test result in a format that matches the report generator's expectations\n            console.log(`Reporter data: ${this.test.cell.columnId},${this.test.cell.rowId},${result}`);\n          }",
              "async": 0,
              "sync": true,
              "_timeout": 150000,
              "_slow": 75,
              "_retries": -1,
              "timedOut": false,
              "_currentRetry": 0,
              "pending": true,
              "file": "/home/runner/work/w3c-vc-jose-cose-test-suite/w3c-vc-jose-cose-test-suite/tests/test-runner.js",
              "parent": "mwkSNU4L3e2HrEXM7l6EY",
              "ctx": null,
              "_testId": "urn:uuid:9c8f38fc-8e28-4a51-bf1c-c719b36af3c6",
              "_events": {},
              "_eventsCount": 1,
              "timer": {
                "_idleTimeout": -1,
                "_idlePrev": null,
                "_idleNext": null,
                "_idleStart": 83399,
                "_onTimeout": null,
                "_repeat": null,
                "_destroyed": true
              },
              "duration": 1,
              "state": "pending"
            },
            {
              "type": "test",
              "title": "20. SD-JWT Basic Credential Verification",
              "body": "async function() {\n            if (!features[requiredFeature]) {\n              console.log(`Skipping test \"${testName}\" for ${i.name} due to missing feature: ${requiredFeature}`);\n              this.skip();\n              return;\n            }\n\n            console.log(`Running test: ${testName} for implementation: ${i.name}`);\n            await generateTestResults(i.name, testConfig);\n            this.test.cell = {columnId: i.name, rowId: testName};\n            const result = await checkTestResults(i.name, testConfig);\n            console.log(`Test result for ${i.name} - ${testName}: ${result}`);\n            should.equal(result, testConfig.expected_result);\n\n            // Log the test result in a format that matches the report generator's expectations\n            console.log(`Reporter data: ${this.test.cell.columnId},${this.test.cell.rowId},${result}`);\n          }",
              "async": 0,
              "sync": true,
              "_timeout": 150000,
              "_slow": 75,
              "_retries": -1,
              "timedOut": false,
              "_currentRetry": 0,
              "pending": true,
              "file": "/home/runner/work/w3c-vc-jose-cose-test-suite/w3c-vc-jose-cose-test-suite/tests/test-runner.js",
              "parent": "mwkSNU4L3e2HrEXM7l6EY",
              "ctx": null,
              "_testId": "urn:uuid:704a8972-711c-412a-8a21-5cea2e89773f",
              "_events": {},
              "_eventsCount": 1,
              "timer": {
                "_idleTimeout": -1,
                "_idlePrev": null,
                "_idleNext": null,
                "_idleStart": 83400,
                "_onTimeout": null,
                "_repeat": null,
                "_destroyed": true
              },
              "duration": 0,
              "state": "pending"
            },
            {
              "type": "test",
              "title": "21. SD-JWT Complex Credential Verification",
              "body": "async function() {\n            if (!features[requiredFeature]) {\n              console.log(`Skipping test \"${testName}\" for ${i.name} due to missing feature: ${requiredFeature}`);\n              this.skip();\n              return;\n            }\n\n            console.log(`Running test: ${testName} for implementation: ${i.name}`);\n            await generateTestResults(i.name, testConfig);\n            this.test.cell = {columnId: i.name, rowId: testName};\n            const result = await checkTestResults(i.name, testConfig);\n            console.log(`Test result for ${i.name} - ${testName}: ${result}`);\n            should.equal(result, testConfig.expected_result);\n\n            // Log the test result in a format that matches the report generator's expectations\n            console.log(`Reporter data: ${this.test.cell.columnId},${this.test.cell.rowId},${result}`);\n          }",
              "async": 0,
              "sync": true,
              "_timeout": 150000,
              "_slow": 75,
              "_retries": -1,
              "timedOut": false,
              "_currentRetry": 0,
              "pending": true,
              "file": "/home/runner/work/w3c-vc-jose-cose-test-suite/w3c-vc-jose-cose-test-suite/tests/test-runner.js",
              "parent": "mwkSNU4L3e2HrEXM7l6EY",
              "ctx": null,
              "_testId": "urn:uuid:43ee3078-027b-4fc9-affa-fc2a677b0a66",
              "_events": {},
              "_eventsCount": 1,
              "timer": {
                "_idleTimeout": -1,
                "_idlePrev": null,
                "_idleNext": null,
                "_idleStart": 83400,
                "_onTimeout": null,
                "_repeat": null,
                "_destroyed": true
              },
              "duration": 0,
              "state": "pending"
            },
            {
              "type": "test",
              "title": "22. SD-JWT Presentation Verification",
              "body": "async function() {\n            if (!features[requiredFeature]) {\n              console.log(`Skipping test \"${testName}\" for ${i.name} due to missing feature: ${requiredFeature}`);\n              this.skip();\n              return;\n            }\n\n            console.log(`Running test: ${testName} for implementation: ${i.name}`);\n            await generateTestResults(i.name, testConfig);\n            this.test.cell = {columnId: i.name, rowId: testName};\n            const result = await checkTestResults(i.name, testConfig);\n            console.log(`Test result for ${i.name} - ${testName}: ${result}`);\n            should.equal(result, testConfig.expected_result);\n\n            // Log the test result in a format that matches the report generator's expectations\n            console.log(`Reporter data: ${this.test.cell.columnId},${this.test.cell.rowId},${result}`);\n          }",
              "async": 0,
              "sync": true,
              "_timeout": 150000,
              "_slow": 75,
              "_retries": -1,
              "timedOut": false,
              "_currentRetry": 0,
              "pending": true,
              "file": "/home/runner/work/w3c-vc-jose-cose-test-suite/w3c-vc-jose-cose-test-suite/tests/test-runner.js",
              "parent": "mwkSNU4L3e2HrEXM7l6EY",
              "ctx": null,
              "_testId": "urn:uuid:fe1af413-2316-4b79-be3d-de415e0dc72b",
              "_events": {},
              "_eventsCount": 1,
              "timer": {
                "_idleTimeout": -1,
                "_idlePrev": null,
                "_idleNext": null,
                "_idleStart": 83400,
                "_onTimeout": null,
                "_repeat": null,
                "_destroyed": true
              },
              "duration": 0,
              "state": "pending"
            },
            {
              "type": "test",
              "title": "23. SD-JWT Credential With an Invalid Signature",
              "body": "async function() {\n            if (!features[requiredFeature]) {\n              console.log(`Skipping test \"${testName}\" for ${i.name} due to missing feature: ${requiredFeature}`);\n              this.skip();\n              return;\n            }\n\n            console.log(`Running test: ${testName} for implementation: ${i.name}`);\n            await generateTestResults(i.name, testConfig);\n            this.test.cell = {columnId: i.name, rowId: testName};\n            const result = await checkTestResults(i.name, testConfig);\n            console.log(`Test result for ${i.name} - ${testName}: ${result}`);\n            should.equal(result, testConfig.expected_result);\n\n            // Log the test result in a format that matches the report generator's expectations\n            console.log(`Reporter data: ${this.test.cell.columnId},${this.test.cell.rowId},${result}`);\n          }",
              "async": 0,
              "sync": true,
              "_timeout": 150000,
              "_slow": 75,
              "_retries": -1,
              "timedOut": false,
              "_currentRetry": 0,
              "pending": true,
              "file": "/home/runner/work/w3c-vc-jose-cose-test-suite/w3c-vc-jose-cose-test-suite/tests/test-runner.js",
              "parent": "mwkSNU4L3e2HrEXM7l6EY",
              "ctx": null,
              "_testId": "urn:uuid:ec3e6f0d-2c59-43ae-807d-a340222eea93",
              "_events": {},
              "_eventsCount": 1,
              "timer": {
                "_idleTimeout": -1,
                "_idlePrev": null,
                "_idleNext": null,
                "_idleStart": 83400,
                "_onTimeout": null,
                "_repeat": null,
                "_destroyed": true
              },
              "duration": 0,
              "state": "pending"
            },
            {
              "type": "test",
              "title": "24. SD-JWT Credential with an Invalid Media Type",
              "body": "async function() {\n            if (!features[requiredFeature]) {\n              console.log(`Skipping test \"${testName}\" for ${i.name} due to missing feature: ${requiredFeature}`);\n              this.skip();\n              return;\n            }\n\n            console.log(`Running test: ${testName} for implementation: ${i.name}`);\n            await generateTestResults(i.name, testConfig);\n            this.test.cell = {columnId: i.name, rowId: testName};\n            const result = await checkTestResults(i.name, testConfig);\n            console.log(`Test result for ${i.name} - ${testName}: ${result}`);\n            should.equal(result, testConfig.expected_result);\n\n            // Log the test result in a format that matches the report generator's expectations\n            console.log(`Reporter data: ${this.test.cell.columnId},${this.test.cell.rowId},${result}`);\n          }",
              "async": 0,
              "sync": true,
              "_timeout": 150000,
              "_slow": 75,
              "_retries": -1,
              "timedOut": false,
              "_currentRetry": 0,
              "pending": true,
              "file": "/home/runner/work/w3c-vc-jose-cose-test-suite/w3c-vc-jose-cose-test-suite/tests/test-runner.js",
              "parent": "mwkSNU4L3e2HrEXM7l6EY",
              "ctx": null,
              "_testId": "urn:uuid:e96276e7-9b4d-4547-8589-b26366e3d3b8",
              "_events": {},
              "_eventsCount": 1,
              "timer": {
                "_idleTimeout": -1,
                "_idlePrev": null,
                "_idleNext": null,
                "_idleStart": 83400,
                "_onTimeout": null,
                "_repeat": null,
                "_destroyed": true
              },
              "duration": 0,
              "state": "pending"
            },
            {
              "type": "test",
              "title": "25. SD-JWT Presentation with an Invalid Media Type",
              "body": "async function() {\n            if (!features[requiredFeature]) {\n              console.log(`Skipping test \"${testName}\" for ${i.name} due to missing feature: ${requiredFeature}`);\n              this.skip();\n              return;\n            }\n\n            console.log(`Running test: ${testName} for implementation: ${i.name}`);\n            await generateTestResults(i.name, testConfig);\n            this.test.cell = {columnId: i.name, rowId: testName};\n            const result = await checkTestResults(i.name, testConfig);\n            console.log(`Test result for ${i.name} - ${testName}: ${result}`);\n            should.equal(result, testConfig.expected_result);\n\n            // Log the test result in a format that matches the report generator's expectations\n            console.log(`Reporter data: ${this.test.cell.columnId},${this.test.cell.rowId},${result}`);\n          }",
              "async": 0,
              "sync": true,
              "_timeout": 150000,
              "_slow": 75,
              "_retries": -1,
              "timedOut": false,
              "_currentRetry": 0,
              "pending": true,
              "file": "/home/runner/work/w3c-vc-jose-cose-test-suite/w3c-vc-jose-cose-test-suite/tests/test-runner.js",
              "parent": "mwkSNU4L3e2HrEXM7l6EY",
              "ctx": null,
              "_testId": "urn:uuid:7ec4edfc-8c11-4b7f-aa47-cb1a64d8936f",
              "_events": {},
              "_eventsCount": 1,
              "timer": {
                "_idleTimeout": -1,
                "_idlePrev": null,
                "_idleNext": null,
                "_idleStart": 83401,
                "_onTimeout": null,
                "_repeat": null,
                "_destroyed": true
              },
              "duration": 0,
              "state": "pending"
            },
            {
              "type": "test",
              "title": "26. SD-JWT Presentation with Invalid Credentials",
              "body": "async function() {\n            if (!features[requiredFeature]) {\n              console.log(`Skipping test \"${testName}\" for ${i.name} due to missing feature: ${requiredFeature}`);\n              this.skip();\n              return;\n            }\n\n            console.log(`Running test: ${testName} for implementation: ${i.name}`);\n            await generateTestResults(i.name, testConfig);\n            this.test.cell = {columnId: i.name, rowId: testName};\n            const result = await checkTestResults(i.name, testConfig);\n            console.log(`Test result for ${i.name} - ${testName}: ${result}`);\n            should.equal(result, testConfig.expected_result);\n\n            // Log the test result in a format that matches the report generator's expectations\n            console.log(`Reporter data: ${this.test.cell.columnId},${this.test.cell.rowId},${result}`);\n          }",
              "async": 0,
              "sync": true,
              "_timeout": 150000,
              "_slow": 75,
              "_retries": -1,
              "timedOut": false,
              "_currentRetry": 0,
              "pending": true,
              "file": "/home/runner/work/w3c-vc-jose-cose-test-suite/w3c-vc-jose-cose-test-suite/tests/test-runner.js",
              "parent": "mwkSNU4L3e2HrEXM7l6EY",
              "ctx": null,
              "_testId": "urn:uuid:e285650f-e28c-4f84-8899-c0137afe4f21",
              "_events": {},
              "_eventsCount": 1,
              "timer": {
                "_idleTimeout": -1,
                "_idlePrev": null,
                "_idleNext": null,
                "_idleStart": 83401,
                "_onTimeout": null,
                "_repeat": null,
                "_destroyed": true
              },
              "duration": 0,
              "state": "pending"
            }
          ],
          "root": false,
          "pending": false,
          "_retries": -1,
          "_beforeEach": [],
          "_beforeAll": [],
          "_afterEach": [],
          "_afterAll": [],
          "_timeout": 150000,
          "_slow": 75,
          "_bail": false,
          "_onlyTests": [],
          "_onlySuites": [],
          "delayed": false,
          "parent": "HLLVM13QWhRTA7KqyNleU",
          "file": "/home/runner/work/w3c-vc-jose-cose-test-suite/w3c-vc-jose-cose-test-suite/tests/test-runner.js",
          "_testId": "urn:uuid:8db46cad-fafc-4e24-aab9-6bbd2725f10b"
        }
      ],
      "tests": [
        {
          "type": "test",
          "title": "17. SD-JWT Basic Credential Issuance",
          "body": "async function() {\n            if (!features[requiredFeature]) {\n              console.log(`Skipping test \"${testName}\" for ${i.name} due to missing feature: ${requiredFeature}`);\n              this.skip();\n              return;\n            }\n\n            console.log(`Running test: ${testName} for implementation: ${i.name}`);\n            await generateTestResults(i.name, testConfig);\n            this.test.cell = {columnId: i.name, rowId: testName};\n            const result = await checkTestResults(i.name, testConfig);\n            console.log(`Test result for ${i.name} - ${testName}: ${result}`);\n            should.equal(result, testConfig.expected_result);\n\n            // Log the test result in a format that matches the report generator's expectations\n            console.log(`Reporter data: ${this.test.cell.columnId},${this.test.cell.rowId},${result}`);\n          }",
          "async": 0,
          "sync": true,
          "_timeout": 150000,
          "_slow": 75,
          "_retries": -1,
          "timedOut": false,
          "_currentRetry": 0,
          "pending": false,
          "file": "/home/runner/work/w3c-vc-jose-cose-test-suite/w3c-vc-jose-cose-test-suite/tests/test-runner.js",
          "parent": "N82m1HdZkrWIZ9jFXeqMy",
          "ctx": null,
          "_testId": "urn:uuid:cd39592f-c8e7-48bb-8d10-ffec1a62ab20",
          "_events": {},
          "_eventsCount": 1,
          "timer": {
            "_idleTimeout": -1,
            "_idlePrev": null,
            "_idleNext": null,
            "_idleStart": 79212,
            "_onTimeout": null,
            "_repeat": null,
            "_destroyed": true
          },
          "cell": {
            "columnId": "independent",
            "rowId": "17. SD-JWT Basic Credential Issuance"
          },
          "duration": 452,
          "state": "passed",
          "speed": "slow"
        },
        {
          "type": "test",
          "title": "18. SD-JWT Complex Credential Issuance",
          "body": "async function() {\n            if (!features[requiredFeature]) {\n              console.log(`Skipping test \"${testName}\" for ${i.name} due to missing feature: ${requiredFeature}`);\n              this.skip();\n              return;\n            }\n\n            console.log(`Running test: ${testName} for implementation: ${i.name}`);\n            await generateTestResults(i.name, testConfig);\n            this.test.cell = {columnId: i.name, rowId: testName};\n            const result = await checkTestResults(i.name, testConfig);\n            console.log(`Test result for ${i.name} - ${testName}: ${result}`);\n            should.equal(result, testConfig.expected_result);\n\n            // Log the test result in a format that matches the report generator's expectations\n            console.log(`Reporter data: ${this.test.cell.columnId},${this.test.cell.rowId},${result}`);\n          }",
          "async": 0,
          "sync": true,
          "_timeout": 150000,
          "_slow": 75,
          "_retries": -1,
          "timedOut": false,
          "_currentRetry": 0,
          "pending": false,
          "file": "/home/runner/work/w3c-vc-jose-cose-test-suite/w3c-vc-jose-cose-test-suite/tests/test-runner.js",
          "parent": "N82m1HdZkrWIZ9jFXeqMy",
          "ctx": null,
          "_testId": "urn:uuid:a590981c-9941-442d-8f11-d4a3b47f464d",
          "_events": {},
          "_eventsCount": 1,
          "timer": {
            "_idleTimeout": -1,
            "_idlePrev": null,
            "_idleNext": null,
            "_idleStart": 79650,
            "_onTimeout": null,
            "_repeat": null,
            "_destroyed": true
          },
          "cell": {
            "columnId": "independent",
            "rowId": "18. SD-JWT Complex Credential Issuance"
          },
          "duration": 437,
          "state": "passed",
          "speed": "slow"
        },
        {
          "type": "test",
          "title": "19. SD-JWT Presentation Issuance",
          "body": "async function() {\n            if (!features[requiredFeature]) {\n              console.log(`Skipping test \"${testName}\" for ${i.name} due to missing feature: ${requiredFeature}`);\n              this.skip();\n              return;\n            }\n\n            console.log(`Running test: ${testName} for implementation: ${i.name}`);\n            await generateTestResults(i.name, testConfig);\n            this.test.cell = {columnId: i.name, rowId: testName};\n            const result = await checkTestResults(i.name, testConfig);\n            console.log(`Test result for ${i.name} - ${testName}: ${result}`);\n            should.equal(result, testConfig.expected_result);\n\n            // Log the test result in a format that matches the report generator's expectations\n            console.log(`Reporter data: ${this.test.cell.columnId},${this.test.cell.rowId},${result}`);\n          }",
          "async": 0,
          "sync": true,
          "_timeout": 150000,
          "_slow": 75,
          "_retries": -1,
          "timedOut": false,
          "_currentRetry": 0,
          "pending": false,
          "file": "/home/runner/work/w3c-vc-jose-cose-test-suite/w3c-vc-jose-cose-test-suite/tests/test-runner.js",
          "parent": "N82m1HdZkrWIZ9jFXeqMy",
          "ctx": null,
          "_testId": "urn:uuid:cf88cb62-e0e3-4c91-a2a7-b37c40e17c70",
          "_events": {},
          "_eventsCount": 1,
          "timer": {
            "_idleTimeout": -1,
            "_idlePrev": null,
            "_idleNext": null,
            "_idleStart": 80103,
            "_onTimeout": null,
            "_repeat": null,
            "_destroyed": true
          },
          "cell": {
            "columnId": "independent",
            "rowId": "19. SD-JWT Presentation Issuance"
          },
          "duration": 454,
          "state": "passed",
          "speed": "slow"
        },
        {
          "type": "test",
          "title": "20. SD-JWT Basic Credential Verification",
          "body": "async function() {\n            if (!features[requiredFeature]) {\n              console.log(`Skipping test \"${testName}\" for ${i.name} due to missing feature: ${requiredFeature}`);\n              this.skip();\n              return;\n            }\n\n            console.log(`Running test: ${testName} for implementation: ${i.name}`);\n            await generateTestResults(i.name, testConfig);\n            this.test.cell = {columnId: i.name, rowId: testName};\n            const result = await checkTestResults(i.name, testConfig);\n            console.log(`Test result for ${i.name} - ${testName}: ${result}`);\n            should.equal(result, testConfig.expected_result);\n\n            // Log the test result in a format that matches the report generator's expectations\n            console.log(`Reporter data: ${this.test.cell.columnId},${this.test.cell.rowId},${result}`);\n          }",
          "async": 0,
          "sync": true,
          "_timeout": 150000,
          "_slow": 75,
          "_retries": -1,
          "timedOut": false,
          "_currentRetry": 0,
          "pending": false,
          "file": "/home/runner/work/w3c-vc-jose-cose-test-suite/w3c-vc-jose-cose-test-suite/tests/test-runner.js",
          "parent": "N82m1HdZkrWIZ9jFXeqMy",
          "ctx": null,
          "_testId": "urn:uuid:49b451f7-4c8a-4988-a1fd-fd7e297639e0",
          "_events": {},
          "_eventsCount": 1,
          "timer": {
            "_idleTimeout": -1,
            "_idlePrev": null,
            "_idleNext": null,
            "_idleStart": 80563,
            "_onTimeout": null,
            "_repeat": null,
            "_destroyed": true
          },
          "cell": {
            "columnId": "independent",
            "rowId": "20. SD-JWT Basic Credential Verification"
          },
          "duration": 458,
          "state": "passed",
          "speed": "slow"
        },
        {
          "type": "test",
          "title": "21. SD-JWT Complex Credential Verification",
          "body": "async function() {\n            if (!features[requiredFeature]) {\n              console.log(`Skipping test \"${testName}\" for ${i.name} due to missing feature: ${requiredFeature}`);\n              this.skip();\n              return;\n            }\n\n            console.log(`Running test: ${testName} for implementation: ${i.name}`);\n            await generateTestResults(i.name, testConfig);\n            this.test.cell = {columnId: i.name, rowId: testName};\n            const result = await checkTestResults(i.name, testConfig);\n            console.log(`Test result for ${i.name} - ${testName}: ${result}`);\n            should.equal(result, testConfig.expected_result);\n\n            // Log the test result in a format that matches the report generator's expectations\n            console.log(`Reporter data: ${this.test.cell.columnId},${this.test.cell.rowId},${result}`);\n          }",
          "async": 0,
          "sync": true,
          "_timeout": 150000,
          "_slow": 75,
          "_retries": -1,
          "timedOut": false,
          "_currentRetry": 0,
          "pending": false,
          "file": "/home/runner/work/w3c-vc-jose-cose-test-suite/w3c-vc-jose-cose-test-suite/tests/test-runner.js",
          "parent": "N82m1HdZkrWIZ9jFXeqMy",
          "ctx": null,
          "_testId": "urn:uuid:e0afc821-b02b-4e69-8bb9-f2f4e098bb8d",
          "_events": {},
          "_eventsCount": 1,
          "timer": {
            "_idleTimeout": -1,
            "_idlePrev": null,
            "_idleNext": null,
            "_idleStart": 81021,
            "_onTimeout": null,
            "_repeat": null,
            "_destroyed": true
          },
          "cell": {
            "columnId": "independent",
            "rowId": "21. SD-JWT Complex Credential Verification"
          },
          "duration": 457,
          "state": "passed",
          "speed": "slow"
        },
        {
          "type": "test",
          "title": "22. SD-JWT Presentation Verification",
          "body": "async function() {\n            if (!features[requiredFeature]) {\n              console.log(`Skipping test \"${testName}\" for ${i.name} due to missing feature: ${requiredFeature}`);\n              this.skip();\n              return;\n            }\n\n            console.log(`Running test: ${testName} for implementation: ${i.name}`);\n            await generateTestResults(i.name, testConfig);\n            this.test.cell = {columnId: i.name, rowId: testName};\n            const result = await checkTestResults(i.name, testConfig);\n            console.log(`Test result for ${i.name} - ${testName}: ${result}`);\n            should.equal(result, testConfig.expected_result);\n\n            // Log the test result in a format that matches the report generator's expectations\n            console.log(`Reporter data: ${this.test.cell.columnId},${this.test.cell.rowId},${result}`);\n          }",
          "async": 0,
          "sync": true,
          "_timeout": 150000,
          "_slow": 75,
          "_retries": -1,
          "timedOut": false,
          "_currentRetry": 0,
          "pending": false,
          "file": "/home/runner/work/w3c-vc-jose-cose-test-suite/w3c-vc-jose-cose-test-suite/tests/test-runner.js",
          "parent": "N82m1HdZkrWIZ9jFXeqMy",
          "ctx": null,
          "_testId": "urn:uuid:e31d2b9b-8858-4d5a-aa71-79b3773a3068",
          "_events": {},
          "_eventsCount": 1,
          "timer": {
            "_idleTimeout": -1,
            "_idlePrev": null,
            "_idleNext": null,
            "_idleStart": 81466,
            "_onTimeout": null,
            "_repeat": null,
            "_destroyed": true
          },
          "cell": {
            "columnId": "independent",
            "rowId": "22. SD-JWT Presentation Verification"
          },
          "duration": 445,
          "state": "passed",
          "speed": "slow"
        },
        {
          "type": "test",
          "title": "23. SD-JWT Credential With an Invalid Signature",
          "body": "async function() {\n            if (!features[requiredFeature]) {\n              console.log(`Skipping test \"${testName}\" for ${i.name} due to missing feature: ${requiredFeature}`);\n              this.skip();\n              return;\n            }\n\n            console.log(`Running test: ${testName} for implementation: ${i.name}`);\n            await generateTestResults(i.name, testConfig);\n            this.test.cell = {columnId: i.name, rowId: testName};\n            const result = await checkTestResults(i.name, testConfig);\n            console.log(`Test result for ${i.name} - ${testName}: ${result}`);\n            should.equal(result, testConfig.expected_result);\n\n            // Log the test result in a format that matches the report generator's expectations\n            console.log(`Reporter data: ${this.test.cell.columnId},${this.test.cell.rowId},${result}`);\n          }",
          "async": 0,
          "sync": true,
          "_timeout": 150000,
          "_slow": 75,
          "_retries": -1,
          "timedOut": false,
          "_currentRetry": 0,
          "pending": false,
          "file": "/home/runner/work/w3c-vc-jose-cose-test-suite/w3c-vc-jose-cose-test-suite/tests/test-runner.js",
          "parent": "N82m1HdZkrWIZ9jFXeqMy",
          "ctx": null,
          "_testId": "urn:uuid:622761d9-e70d-4014-b16a-73d0ce2fcb1c",
          "_events": {},
          "_eventsCount": 1,
          "timer": {
            "_idleTimeout": -1,
            "_idlePrev": null,
            "_idleNext": null,
            "_idleStart": 81904,
            "_onTimeout": null,
            "_repeat": null,
            "_destroyed": true
          },
          "cell": {
            "columnId": "independent",
            "rowId": "23. SD-JWT Credential With an Invalid Signature"
          },
          "duration": 437,
          "state": "passed",
          "speed": "slow"
        },
        {
          "type": "test",
          "title": "24. SD-JWT Credential with an Invalid Media Type",
          "body": "async function() {\n            if (!features[requiredFeature]) {\n              console.log(`Skipping test \"${testName}\" for ${i.name} due to missing feature: ${requiredFeature}`);\n              this.skip();\n              return;\n            }\n\n            console.log(`Running test: ${testName} for implementation: ${i.name}`);\n            await generateTestResults(i.name, testConfig);\n            this.test.cell = {columnId: i.name, rowId: testName};\n            const result = await checkTestResults(i.name, testConfig);\n            console.log(`Test result for ${i.name} - ${testName}: ${result}`);\n            should.equal(result, testConfig.expected_result);\n\n            // Log the test result in a format that matches the report generator's expectations\n            console.log(`Reporter data: ${this.test.cell.columnId},${this.test.cell.rowId},${result}`);\n          }",
          "async": 0,
          "sync": true,
          "_timeout": 150000,
          "_slow": 75,
          "_retries": -1,
          "timedOut": false,
          "_currentRetry": 0,
          "pending": false,
          "file": "/home/runner/work/w3c-vc-jose-cose-test-suite/w3c-vc-jose-cose-test-suite/tests/test-runner.js",
          "parent": "N82m1HdZkrWIZ9jFXeqMy",
          "ctx": null,
          "_testId": "urn:uuid:1a492aa2-9086-40e8-ab65-db4a60ac6469",
          "_events": {},
          "_eventsCount": 1,
          "timer": {
            "_idleTimeout": -1,
            "_idlePrev": null,
            "_idleNext": null,
            "_idleStart": 82341,
            "_onTimeout": null,
            "_repeat": null,
            "_destroyed": true
          },
          "cell": {
            "columnId": "independent",
            "rowId": "24. SD-JWT Credential with an Invalid Media Type"
          },
          "duration": 436,
          "state": "passed",
          "speed": "slow"
        },
        {
          "type": "test",
          "title": "25. SD-JWT Presentation with an Invalid Media Type",
          "body": "async function() {\n            if (!features[requiredFeature]) {\n              console.log(`Skipping test \"${testName}\" for ${i.name} due to missing feature: ${requiredFeature}`);\n              this.skip();\n              return;\n            }\n\n            console.log(`Running test: ${testName} for implementation: ${i.name}`);\n            await generateTestResults(i.name, testConfig);\n            this.test.cell = {columnId: i.name, rowId: testName};\n            const result = await checkTestResults(i.name, testConfig);\n            console.log(`Test result for ${i.name} - ${testName}: ${result}`);\n            should.equal(result, testConfig.expected_result);\n\n            // Log the test result in a format that matches the report generator's expectations\n            console.log(`Reporter data: ${this.test.cell.columnId},${this.test.cell.rowId},${result}`);\n          }",
          "async": 0,
          "sync": true,
          "_timeout": 150000,
          "_slow": 75,
          "_retries": -1,
          "timedOut": false,
          "_currentRetry": 0,
          "pending": false,
          "file": "/home/runner/work/w3c-vc-jose-cose-test-suite/w3c-vc-jose-cose-test-suite/tests/test-runner.js",
          "parent": "N82m1HdZkrWIZ9jFXeqMy",
          "ctx": null,
          "_testId": "urn:uuid:50087f2a-be5b-4072-99ee-91e856612e78",
          "_events": {},
          "_eventsCount": 1,
          "timer": {
            "_idleTimeout": -1,
            "_idlePrev": null,
            "_idleNext": null,
            "_idleStart": 82780,
            "_onTimeout": null,
            "_repeat": null,
            "_destroyed": true
          },
          "cell": {
            "columnId": "independent",
            "rowId": "25. SD-JWT Presentation with an Invalid Media Type"
          },
          "duration": 439,
          "state": "passed",
          "speed": "slow"
        },
        {
          "type": "test",
          "title": "26. SD-JWT Presentation with Invalid Credentials",
          "body": "async function() {\n            if (!features[requiredFeature]) {\n              console.log(`Skipping test \"${testName}\" for ${i.name} due to missing feature: ${requiredFeature}`);\n              this.skip();\n              return;\n            }\n\n            console.log(`Running test: ${testName} for implementation: ${i.name}`);\n            await generateTestResults(i.name, testConfig);\n            this.test.cell = {columnId: i.name, rowId: testName};\n            const result = await checkTestResults(i.name, testConfig);\n            console.log(`Test result for ${i.name} - ${testName}: ${result}`);\n            should.equal(result, testConfig.expected_result);\n\n            // Log the test result in a format that matches the report generator's expectations\n            console.log(`Reporter data: ${this.test.cell.columnId},${this.test.cell.rowId},${result}`);\n          }",
          "async": 0,
          "sync": true,
          "_timeout": 150000,
          "_slow": 75,
          "_retries": -1,
          "timedOut": false,
          "_currentRetry": 0,
          "pending": false,
          "file": "/home/runner/work/w3c-vc-jose-cose-test-suite/w3c-vc-jose-cose-test-suite/tests/test-runner.js",
          "parent": "N82m1HdZkrWIZ9jFXeqMy",
          "ctx": null,
          "_testId": "urn:uuid:913d2dcd-fcba-40bb-8c8e-70fd93ec824a",
          "_events": {},
          "_eventsCount": 1,
          "timer": {
            "_idleTimeout": -1,
            "_idlePrev": null,
            "_idleNext": null,
            "_idleStart": 83248,
            "_onTimeout": null,
            "_repeat": null,
            "_destroyed": true
          },
          "cell": {
            "columnId": "independent",
            "rowId": "26. SD-JWT Presentation with Invalid Credentials"
          },
          "duration": 467,
          "state": "passed",
          "speed": "slow"
        },
        {
          "type": "test",
          "title": "17. SD-JWT Basic Credential Issuance",
          "body": "async function() {\n            if (!features[requiredFeature]) {\n              console.log(`Skipping test \"${testName}\" for ${i.name} due to missing feature: ${requiredFeature}`);\n              this.skip();\n              return;\n            }\n\n            console.log(`Running test: ${testName} for implementation: ${i.name}`);\n            await generateTestResults(i.name, testConfig);\n            this.test.cell = {columnId: i.name, rowId: testName};\n            const result = await checkTestResults(i.name, testConfig);\n            console.log(`Test result for ${i.name} - ${testName}: ${result}`);\n            should.equal(result, testConfig.expected_result);\n\n            // Log the test result in a format that matches the report generator's expectations\n            console.log(`Reporter data: ${this.test.cell.columnId},${this.test.cell.rowId},${result}`);\n          }",
          "async": 0,
          "sync": true,
          "_timeout": 150000,
          "_slow": 75,
          "_retries": -1,
          "timedOut": false,
          "_currentRetry": 0,
          "pending": true,
          "file": "/home/runner/work/w3c-vc-jose-cose-test-suite/w3c-vc-jose-cose-test-suite/tests/test-runner.js",
          "parent": "mwkSNU4L3e2HrEXM7l6EY",
          "ctx": null,
          "_testId": "urn:uuid:06eec511-e2e7-4eb4-9e65-29d7dc1b9e19",
          "_events": {},
          "_eventsCount": 1,
          "timer": {
            "_idleTimeout": -1,
            "_idlePrev": null,
            "_idleNext": null,
            "_idleStart": 83399,
            "_onTimeout": null,
            "_repeat": null,
            "_destroyed": true
          },
          "duration": 0,
          "state": "pending"
        },
        {
          "type": "test",
          "title": "18. SD-JWT Complex Credential Issuance",
          "body": "async function() {\n            if (!features[requiredFeature]) {\n              console.log(`Skipping test \"${testName}\" for ${i.name} due to missing feature: ${requiredFeature}`);\n              this.skip();\n              return;\n            }\n\n            console.log(`Running test: ${testName} for implementation: ${i.name}`);\n            await generateTestResults(i.name, testConfig);\n            this.test.cell = {columnId: i.name, rowId: testName};\n            const result = await checkTestResults(i.name, testConfig);\n            console.log(`Test result for ${i.name} - ${testName}: ${result}`);\n            should.equal(result, testConfig.expected_result);\n\n            // Log the test result in a format that matches the report generator's expectations\n            console.log(`Reporter data: ${this.test.cell.columnId},${this.test.cell.rowId},${result}`);\n          }",
          "async": 0,
          "sync": true,
          "_timeout": 150000,
          "_slow": 75,
          "_retries": -1,
          "timedOut": false,
          "_currentRetry": 0,
          "pending": true,
          "file": "/home/runner/work/w3c-vc-jose-cose-test-suite/w3c-vc-jose-cose-test-suite/tests/test-runner.js",
          "parent": "mwkSNU4L3e2HrEXM7l6EY",
          "ctx": null,
          "_testId": "urn:uuid:f0601606-3542-44a1-9017-2dc4277d9f7c",
          "_events": {},
          "_eventsCount": 1,
          "timer": {
            "_idleTimeout": -1,
            "_idlePrev": null,
            "_idleNext": null,
            "_idleStart": 83399,
            "_onTimeout": null,
            "_repeat": null,
            "_destroyed": true
          },
          "duration": 0,
          "state": "pending"
        },
        {
          "type": "test",
          "title": "19. SD-JWT Presentation Issuance",
          "body": "async function() {\n            if (!features[requiredFeature]) {\n              console.log(`Skipping test \"${testName}\" for ${i.name} due to missing feature: ${requiredFeature}`);\n              this.skip();\n              return;\n            }\n\n            console.log(`Running test: ${testName} for implementation: ${i.name}`);\n            await generateTestResults(i.name, testConfig);\n            this.test.cell = {columnId: i.name, rowId: testName};\n            const result = await checkTestResults(i.name, testConfig);\n            console.log(`Test result for ${i.name} - ${testName}: ${result}`);\n            should.equal(result, testConfig.expected_result);\n\n            // Log the test result in a format that matches the report generator's expectations\n            console.log(`Reporter data: ${this.test.cell.columnId},${this.test.cell.rowId},${result}`);\n          }",
          "async": 0,
          "sync": true,
          "_timeout": 150000,
          "_slow": 75,
          "_retries": -1,
          "timedOut": false,
          "_currentRetry": 0,
          "pending": true,
          "file": "/home/runner/work/w3c-vc-jose-cose-test-suite/w3c-vc-jose-cose-test-suite/tests/test-runner.js",
          "parent": "mwkSNU4L3e2HrEXM7l6EY",
          "ctx": null,
          "_testId": "urn:uuid:9c8f38fc-8e28-4a51-bf1c-c719b36af3c6",
          "_events": {},
          "_eventsCount": 1,
          "timer": {
            "_idleTimeout": -1,
            "_idlePrev": null,
            "_idleNext": null,
            "_idleStart": 83399,
            "_onTimeout": null,
            "_repeat": null,
            "_destroyed": true
          },
          "duration": 1,
          "state": "pending"
        },
        {
          "type": "test",
          "title": "20. SD-JWT Basic Credential Verification",
          "body": "async function() {\n            if (!features[requiredFeature]) {\n              console.log(`Skipping test \"${testName}\" for ${i.name} due to missing feature: ${requiredFeature}`);\n              this.skip();\n              return;\n            }\n\n            console.log(`Running test: ${testName} for implementation: ${i.name}`);\n            await generateTestResults(i.name, testConfig);\n            this.test.cell = {columnId: i.name, rowId: testName};\n            const result = await checkTestResults(i.name, testConfig);\n            console.log(`Test result for ${i.name} - ${testName}: ${result}`);\n            should.equal(result, testConfig.expected_result);\n\n            // Log the test result in a format that matches the report generator's expectations\n            console.log(`Reporter data: ${this.test.cell.columnId},${this.test.cell.rowId},${result}`);\n          }",
          "async": 0,
          "sync": true,
          "_timeout": 150000,
          "_slow": 75,
          "_retries": -1,
          "timedOut": false,
          "_currentRetry": 0,
          "pending": true,
          "file": "/home/runner/work/w3c-vc-jose-cose-test-suite/w3c-vc-jose-cose-test-suite/tests/test-runner.js",
          "parent": "mwkSNU4L3e2HrEXM7l6EY",
          "ctx": null,
          "_testId": "urn:uuid:704a8972-711c-412a-8a21-5cea2e89773f",
          "_events": {},
          "_eventsCount": 1,
          "timer": {
            "_idleTimeout": -1,
            "_idlePrev": null,
            "_idleNext": null,
            "_idleStart": 83400,
            "_onTimeout": null,
            "_repeat": null,
            "_destroyed": true
          },
          "duration": 0,
          "state": "pending"
        },
        {
          "type": "test",
          "title": "21. SD-JWT Complex Credential Verification",
          "body": "async function() {\n            if (!features[requiredFeature]) {\n              console.log(`Skipping test \"${testName}\" for ${i.name} due to missing feature: ${requiredFeature}`);\n              this.skip();\n              return;\n            }\n\n            console.log(`Running test: ${testName} for implementation: ${i.name}`);\n            await generateTestResults(i.name, testConfig);\n            this.test.cell = {columnId: i.name, rowId: testName};\n            const result = await checkTestResults(i.name, testConfig);\n            console.log(`Test result for ${i.name} - ${testName}: ${result}`);\n            should.equal(result, testConfig.expected_result);\n\n            // Log the test result in a format that matches the report generator's expectations\n            console.log(`Reporter data: ${this.test.cell.columnId},${this.test.cell.rowId},${result}`);\n          }",
          "async": 0,
          "sync": true,
          "_timeout": 150000,
          "_slow": 75,
          "_retries": -1,
          "timedOut": false,
          "_currentRetry": 0,
          "pending": true,
          "file": "/home/runner/work/w3c-vc-jose-cose-test-suite/w3c-vc-jose-cose-test-suite/tests/test-runner.js",
          "parent": "mwkSNU4L3e2HrEXM7l6EY",
          "ctx": null,
          "_testId": "urn:uuid:43ee3078-027b-4fc9-affa-fc2a677b0a66",
          "_events": {},
          "_eventsCount": 1,
          "timer": {
            "_idleTimeout": -1,
            "_idlePrev": null,
            "_idleNext": null,
            "_idleStart": 83400,
            "_onTimeout": null,
            "_repeat": null,
            "_destroyed": true
          },
          "duration": 0,
          "state": "pending"
        },
        {
          "type": "test",
          "title": "22. SD-JWT Presentation Verification",
          "body": "async function() {\n            if (!features[requiredFeature]) {\n              console.log(`Skipping test \"${testName}\" for ${i.name} due to missing feature: ${requiredFeature}`);\n              this.skip();\n              return;\n            }\n\n            console.log(`Running test: ${testName} for implementation: ${i.name}`);\n            await generateTestResults(i.name, testConfig);\n            this.test.cell = {columnId: i.name, rowId: testName};\n            const result = await checkTestResults(i.name, testConfig);\n            console.log(`Test result for ${i.name} - ${testName}: ${result}`);\n            should.equal(result, testConfig.expected_result);\n\n            // Log the test result in a format that matches the report generator's expectations\n            console.log(`Reporter data: ${this.test.cell.columnId},${this.test.cell.rowId},${result}`);\n          }",
          "async": 0,
          "sync": true,
          "_timeout": 150000,
          "_slow": 75,
          "_retries": -1,
          "timedOut": false,
          "_currentRetry": 0,
          "pending": true,
          "file": "/home/runner/work/w3c-vc-jose-cose-test-suite/w3c-vc-jose-cose-test-suite/tests/test-runner.js",
          "parent": "mwkSNU4L3e2HrEXM7l6EY",
          "ctx": null,
          "_testId": "urn:uuid:fe1af413-2316-4b79-be3d-de415e0dc72b",
          "_events": {},
          "_eventsCount": 1,
          "timer": {
            "_idleTimeout": -1,
            "_idlePrev": null,
            "_idleNext": null,
            "_idleStart": 83400,
            "_onTimeout": null,
            "_repeat": null,
            "_destroyed": true
          },
          "duration": 0,
          "state": "pending"
        },
        {
          "type": "test",
          "title": "23. SD-JWT Credential With an Invalid Signature",
          "body": "async function() {\n            if (!features[requiredFeature]) {\n              console.log(`Skipping test \"${testName}\" for ${i.name} due to missing feature: ${requiredFeature}`);\n              this.skip();\n              return;\n            }\n\n            console.log(`Running test: ${testName} for implementation: ${i.name}`);\n            await generateTestResults(i.name, testConfig);\n            this.test.cell = {columnId: i.name, rowId: testName};\n            const result = await checkTestResults(i.name, testConfig);\n            console.log(`Test result for ${i.name} - ${testName}: ${result}`);\n            should.equal(result, testConfig.expected_result);\n\n            // Log the test result in a format that matches the report generator's expectations\n            console.log(`Reporter data: ${this.test.cell.columnId},${this.test.cell.rowId},${result}`);\n          }",
          "async": 0,
          "sync": true,
          "_timeout": 150000,
          "_slow": 75,
          "_retries": -1,
          "timedOut": false,
          "_currentRetry": 0,
          "pending": true,
          "file": "/home/runner/work/w3c-vc-jose-cose-test-suite/w3c-vc-jose-cose-test-suite/tests/test-runner.js",
          "parent": "mwkSNU4L3e2HrEXM7l6EY",
          "ctx": null,
          "_testId": "urn:uuid:ec3e6f0d-2c59-43ae-807d-a340222eea93",
          "_events": {},
          "_eventsCount": 1,
          "timer": {
            "_idleTimeout": -1,
            "_idlePrev": null,
            "_idleNext": null,
            "_idleStart": 83400,
            "_onTimeout": null,
            "_repeat": null,
            "_destroyed": true
          },
          "duration": 0,
          "state": "pending"
        },
        {
          "type": "test",
          "title": "24. SD-JWT Credential with an Invalid Media Type",
          "body": "async function() {\n            if (!features[requiredFeature]) {\n              console.log(`Skipping test \"${testName}\" for ${i.name} due to missing feature: ${requiredFeature}`);\n              this.skip();\n              return;\n            }\n\n            console.log(`Running test: ${testName} for implementation: ${i.name}`);\n            await generateTestResults(i.name, testConfig);\n            this.test.cell = {columnId: i.name, rowId: testName};\n            const result = await checkTestResults(i.name, testConfig);\n            console.log(`Test result for ${i.name} - ${testName}: ${result}`);\n            should.equal(result, testConfig.expected_result);\n\n            // Log the test result in a format that matches the report generator's expectations\n            console.log(`Reporter data: ${this.test.cell.columnId},${this.test.cell.rowId},${result}`);\n          }",
          "async": 0,
          "sync": true,
          "_timeout": 150000,
          "_slow": 75,
          "_retries": -1,
          "timedOut": false,
          "_currentRetry": 0,
          "pending": true,
          "file": "/home/runner/work/w3c-vc-jose-cose-test-suite/w3c-vc-jose-cose-test-suite/tests/test-runner.js",
          "parent": "mwkSNU4L3e2HrEXM7l6EY",
          "ctx": null,
          "_testId": "urn:uuid:e96276e7-9b4d-4547-8589-b26366e3d3b8",
          "_events": {},
          "_eventsCount": 1,
          "timer": {
            "_idleTimeout": -1,
            "_idlePrev": null,
            "_idleNext": null,
            "_idleStart": 83400,
            "_onTimeout": null,
            "_repeat": null,
            "_destroyed": true
          },
          "duration": 0,
          "state": "pending"
        },
        {
          "type": "test",
          "title": "25. SD-JWT Presentation with an Invalid Media Type",
          "body": "async function() {\n            if (!features[requiredFeature]) {\n              console.log(`Skipping test \"${testName}\" for ${i.name} due to missing feature: ${requiredFeature}`);\n              this.skip();\n              return;\n            }\n\n            console.log(`Running test: ${testName} for implementation: ${i.name}`);\n            await generateTestResults(i.name, testConfig);\n            this.test.cell = {columnId: i.name, rowId: testName};\n            const result = await checkTestResults(i.name, testConfig);\n            console.log(`Test result for ${i.name} - ${testName}: ${result}`);\n            should.equal(result, testConfig.expected_result);\n\n            // Log the test result in a format that matches the report generator's expectations\n            console.log(`Reporter data: ${this.test.cell.columnId},${this.test.cell.rowId},${result}`);\n          }",
          "async": 0,
          "sync": true,
          "_timeout": 150000,
          "_slow": 75,
          "_retries": -1,
          "timedOut": false,
          "_currentRetry": 0,
          "pending": true,
          "file": "/home/runner/work/w3c-vc-jose-cose-test-suite/w3c-vc-jose-cose-test-suite/tests/test-runner.js",
          "parent": "mwkSNU4L3e2HrEXM7l6EY",
          "ctx": null,
          "_testId": "urn:uuid:7ec4edfc-8c11-4b7f-aa47-cb1a64d8936f",
          "_events": {},
          "_eventsCount": 1,
          "timer": {
            "_idleTimeout": -1,
            "_idlePrev": null,
            "_idleNext": null,
            "_idleStart": 83401,
            "_onTimeout": null,
            "_repeat": null,
            "_destroyed": true
          },
          "duration": 0,
          "state": "pending"
        },
        {
          "type": "test",
          "title": "26. SD-JWT Presentation with Invalid Credentials",
          "body": "async function() {\n            if (!features[requiredFeature]) {\n              console.log(`Skipping test \"${testName}\" for ${i.name} due to missing feature: ${requiredFeature}`);\n              this.skip();\n              return;\n            }\n\n            console.log(`Running test: ${testName} for implementation: ${i.name}`);\n            await generateTestResults(i.name, testConfig);\n            this.test.cell = {columnId: i.name, rowId: testName};\n            const result = await checkTestResults(i.name, testConfig);\n            console.log(`Test result for ${i.name} - ${testName}: ${result}`);\n            should.equal(result, testConfig.expected_result);\n\n            // Log the test result in a format that matches the report generator's expectations\n            console.log(`Reporter data: ${this.test.cell.columnId},${this.test.cell.rowId},${result}`);\n          }",
          "async": 0,
          "sync": true,
          "_timeout": 150000,
          "_slow": 75,
          "_retries": -1,
          "timedOut": false,
          "_currentRetry": 0,
          "pending": true,
          "file": "/home/runner/work/w3c-vc-jose-cose-test-suite/w3c-vc-jose-cose-test-suite/tests/test-runner.js",
          "parent": "mwkSNU4L3e2HrEXM7l6EY",
          "ctx": null,
          "_testId": "urn:uuid:e285650f-e28c-4f84-8899-c0137afe4f21",
          "_events": {},
          "_eventsCount": 1,
          "timer": {
            "_idleTimeout": -1,
            "_idlePrev": null,
            "_idleNext": null,
            "_idleStart": 83401,
            "_onTimeout": null,
            "_repeat": null,
            "_destroyed": true
          },
          "duration": 0,
          "state": "pending"
        }
      ],
      "root": false,
      "pending": false,
      "_retries": -1,
      "_beforeEach": [],
      "_beforeAll": [],
      "_afterEach": [],
      "_afterAll": [],
      "_timeout": 150000,
      "_slow": 75,
      "_bail": false,
      "_onlyTests": [],
      "_onlySuites": [],
      "delayed": false,
      "parent": "L09jRv2ot9ktYdXPwPKkN",
      "file": "/home/runner/work/w3c-vc-jose-cose-test-suite/w3c-vc-jose-cose-test-suite/tests/test-runner.js",
      "matrix": true,
      "report": true,
      "implemented": [
        "independent",
        "mavennet"
      ],
      "rowLabel": "Test Name",
      "columnLabel": "Implementation",
      "_testId": "urn:uuid:38624ef8-6fb8-46e8-ae07-36c021caa261"
    },
    {
      "title": "COSE Tests",
      "ctx": null,
      "suites": [
        {
          "title": "independent",
          "ctx": null,
          "suites": [],
          "tests": [
            {
              "type": "test",
              "title": "27. COSE Basic Credential Issuance",
              "body": "async function() {\n            if (!features[requiredFeature]) {\n              console.log(`Skipping test \"${testName}\" for ${i.name} due to missing feature: ${requiredFeature}`);\n              this.skip();\n              return;\n            }\n\n            console.log(`Running test: ${testName} for implementation: ${i.name}`);\n            await generateTestResults(i.name, testConfig);\n            this.test.cell = {columnId: i.name, rowId: testName};\n            const result = await checkTestResults(i.name, testConfig);\n            console.log(`Test result for ${i.name} - ${testName}: ${result}`);\n            should.equal(result, testConfig.expected_result);\n\n            // Log the test result in a format that matches the report generator's expectations\n            console.log(`Reporter data: ${this.test.cell.columnId},${this.test.cell.rowId},${result}`);\n          }",
              "async": 0,
              "sync": true,
              "_timeout": 150000,
              "_slow": 75,
              "_retries": -1,
              "timedOut": false,
              "_currentRetry": 0,
              "pending": false,
              "file": "/home/runner/work/w3c-vc-jose-cose-test-suite/w3c-vc-jose-cose-test-suite/tests/test-runner.js",
              "parent": "-1usafxRa1PDCs2lGvbGV",
              "ctx": null,
              "_testId": "urn:uuid:f1460c8c-7440-4feb-9170-b20be646d3c5",
              "_events": {},
              "_eventsCount": 1,
              "timer": {
                "_idleTimeout": -1,
                "_idlePrev": null,
                "_idleNext": null,
                "_idleStart": 83704,
                "_onTimeout": null,
                "_repeat": null,
                "_destroyed": true
              },
              "cell": {
                "columnId": "independent",
                "rowId": "27. COSE Basic Credential Issuance"
              },
              "duration": 453,
              "state": "passed",
              "speed": "slow"
            },
            {
              "type": "test",
              "title": "28. COSE Basic Presentation Issuance",
              "body": "async function() {\n            if (!features[requiredFeature]) {\n              console.log(`Skipping test \"${testName}\" for ${i.name} due to missing feature: ${requiredFeature}`);\n              this.skip();\n              return;\n            }\n\n            console.log(`Running test: ${testName} for implementation: ${i.name}`);\n            await generateTestResults(i.name, testConfig);\n            this.test.cell = {columnId: i.name, rowId: testName};\n            const result = await checkTestResults(i.name, testConfig);\n            console.log(`Test result for ${i.name} - ${testName}: ${result}`);\n            should.equal(result, testConfig.expected_result);\n\n            // Log the test result in a format that matches the report generator's expectations\n            console.log(`Reporter data: ${this.test.cell.columnId},${this.test.cell.rowId},${result}`);\n          }",
              "async": 0,
              "sync": true,
              "_timeout": 150000,
              "_slow": 75,
              "_retries": -1,
              "timedOut": false,
              "_currentRetry": 0,
              "pending": false,
              "file": "/home/runner/work/w3c-vc-jose-cose-test-suite/w3c-vc-jose-cose-test-suite/tests/test-runner.js",
              "parent": "-1usafxRa1PDCs2lGvbGV",
              "ctx": null,
              "_testId": "urn:uuid:1ac49fba-88d9-4255-aca5-fa76661dee5a",
              "_events": {},
              "_eventsCount": 1,
              "timer": {
                "_idleTimeout": -1,
                "_idlePrev": null,
                "_idleNext": null,
                "_idleStart": 84151,
                "_onTimeout": null,
                "_repeat": null,
                "_destroyed": true
              },
              "cell": {
                "columnId": "independent",
                "rowId": "28. COSE Basic Presentation Issuance"
              },
              "duration": 446,
              "state": "passed",
              "speed": "slow"
            },
            {
              "type": "test",
              "title": "29. COSE Basic Credential Verification",
              "body": "async function() {\n            if (!features[requiredFeature]) {\n              console.log(`Skipping test \"${testName}\" for ${i.name} due to missing feature: ${requiredFeature}`);\n              this.skip();\n              return;\n            }\n\n            console.log(`Running test: ${testName} for implementation: ${i.name}`);\n            await generateTestResults(i.name, testConfig);\n            this.test.cell = {columnId: i.name, rowId: testName};\n            const result = await checkTestResults(i.name, testConfig);\n            console.log(`Test result for ${i.name} - ${testName}: ${result}`);\n            should.equal(result, testConfig.expected_result);\n\n            // Log the test result in a format that matches the report generator's expectations\n            console.log(`Reporter data: ${this.test.cell.columnId},${this.test.cell.rowId},${result}`);\n          }",
              "async": 0,
              "sync": true,
              "_timeout": 150000,
              "_slow": 75,
              "_retries": -1,
              "timedOut": false,
              "_currentRetry": 0,
              "pending": false,
              "file": "/home/runner/work/w3c-vc-jose-cose-test-suite/w3c-vc-jose-cose-test-suite/tests/test-runner.js",
              "parent": "-1usafxRa1PDCs2lGvbGV",
              "ctx": null,
              "_testId": "urn:uuid:2abac29a-f45a-4fa3-b7b3-22bb82c40378",
              "_events": {},
              "_eventsCount": 1,
              "timer": {
                "_idleTimeout": -1,
                "_idlePrev": null,
                "_idleNext": null,
                "_idleStart": 84584,
                "_onTimeout": null,
                "_repeat": null,
                "_destroyed": true
              },
              "cell": {
                "columnId": "independent",
                "rowId": "29. COSE Basic Credential Verification"
              },
              "duration": 432,
              "state": "passed",
              "speed": "slow"
            },
            {
              "type": "test",
              "title": "30. COSE Credential Verification Incorrect Encoding",
              "body": "async function() {\n            if (!features[requiredFeature]) {\n              console.log(`Skipping test \"${testName}\" for ${i.name} due to missing feature: ${requiredFeature}`);\n              this.skip();\n              return;\n            }\n\n            console.log(`Running test: ${testName} for implementation: ${i.name}`);\n            await generateTestResults(i.name, testConfig);\n            this.test.cell = {columnId: i.name, rowId: testName};\n            const result = await checkTestResults(i.name, testConfig);\n            console.log(`Test result for ${i.name} - ${testName}: ${result}`);\n            should.equal(result, testConfig.expected_result);\n\n            // Log the test result in a format that matches the report generator's expectations\n            console.log(`Reporter data: ${this.test.cell.columnId},${this.test.cell.rowId},${result}`);\n          }",
              "async": 0,
              "sync": true,
              "_timeout": 150000,
              "_slow": 75,
              "_retries": -1,
              "timedOut": false,
              "_currentRetry": 0,
              "pending": false,
              "file": "/home/runner/work/w3c-vc-jose-cose-test-suite/w3c-vc-jose-cose-test-suite/tests/test-runner.js",
              "parent": "-1usafxRa1PDCs2lGvbGV",
              "ctx": null,
              "_testId": "urn:uuid:0819dd97-5335-4665-8765-0e9ec123a6a9",
              "_events": {},
              "_eventsCount": 1,
              "timer": {
                "_idleTimeout": -1,
                "_idlePrev": null,
                "_idleNext": null,
                "_idleStart": 85038,
                "_onTimeout": null,
                "_repeat": null,
                "_destroyed": true
              },
              "cell": {
                "columnId": "independent",
                "rowId": "30. COSE Credential Verification Incorrect Encoding"
              },
              "duration": 453,
              "state": "passed",
              "speed": "slow"
            },
            {
              "type": "test",
              "title": "31. COSE Basic Presentation Verification",
              "body": "async function() {\n            if (!features[requiredFeature]) {\n              console.log(`Skipping test \"${testName}\" for ${i.name} due to missing feature: ${requiredFeature}`);\n              this.skip();\n              return;\n            }\n\n            console.log(`Running test: ${testName} for implementation: ${i.name}`);\n            await generateTestResults(i.name, testConfig);\n            this.test.cell = {columnId: i.name, rowId: testName};\n            const result = await checkTestResults(i.name, testConfig);\n            console.log(`Test result for ${i.name} - ${testName}: ${result}`);\n            should.equal(result, testConfig.expected_result);\n\n            // Log the test result in a format that matches the report generator's expectations\n            console.log(`Reporter data: ${this.test.cell.columnId},${this.test.cell.rowId},${result}`);\n          }",
              "async": 0,
              "sync": true,
              "_timeout": 150000,
              "_slow": 75,
              "_retries": -1,
              "timedOut": false,
              "_currentRetry": 0,
              "pending": false,
              "file": "/home/runner/work/w3c-vc-jose-cose-test-suite/w3c-vc-jose-cose-test-suite/tests/test-runner.js",
              "parent": "-1usafxRa1PDCs2lGvbGV",
              "ctx": null,
              "_testId": "urn:uuid:e8b91051-ec48-4bd0-8e25-24172af0b6fc",
              "_events": {},
              "_eventsCount": 1,
              "timer": {
                "_idleTimeout": -1,
                "_idlePrev": null,
                "_idleNext": null,
                "_idleStart": 85487,
                "_onTimeout": null,
                "_repeat": null,
                "_destroyed": true
              },
              "cell": {
                "columnId": "independent",
                "rowId": "31. COSE Basic Presentation Verification"
              },
              "duration": 448,
              "state": "passed",
              "speed": "slow"
            },
            {
              "type": "test",
              "title": "32. COSE Credential With an Invalid Signature",
              "body": "async function() {\n            if (!features[requiredFeature]) {\n              console.log(`Skipping test \"${testName}\" for ${i.name} due to missing feature: ${requiredFeature}`);\n              this.skip();\n              return;\n            }\n\n            console.log(`Running test: ${testName} for implementation: ${i.name}`);\n            await generateTestResults(i.name, testConfig);\n            this.test.cell = {columnId: i.name, rowId: testName};\n            const result = await checkTestResults(i.name, testConfig);\n            console.log(`Test result for ${i.name} - ${testName}: ${result}`);\n            should.equal(result, testConfig.expected_result);\n\n            // Log the test result in a format that matches the report generator's expectations\n            console.log(`Reporter data: ${this.test.cell.columnId},${this.test.cell.rowId},${result}`);\n          }",
              "async": 0,
              "sync": true,
              "_timeout": 150000,
              "_slow": 75,
              "_retries": -1,
              "timedOut": false,
              "_currentRetry": 0,
              "pending": false,
              "file": "/home/runner/work/w3c-vc-jose-cose-test-suite/w3c-vc-jose-cose-test-suite/tests/test-runner.js",
              "parent": "-1usafxRa1PDCs2lGvbGV",
              "ctx": null,
              "_testId": "urn:uuid:f615e6b7-9dcb-4a4e-ad54-13aae6c53ecf",
              "_events": {},
              "_eventsCount": 1,
              "timer": {
                "_idleTimeout": -1,
                "_idlePrev": null,
                "_idleNext": null,
                "_idleStart": 85921,
                "_onTimeout": null,
                "_repeat": null,
                "_destroyed": true
              },
              "cell": {
                "columnId": "independent",
                "rowId": "32. COSE Credential With an Invalid Signature"
              },
              "duration": 433,
              "state": "passed",
              "speed": "slow"
            },
            {
              "type": "test",
              "title": "33. COSE Credential with an Invalid Media Type",
              "body": "async function() {\n            if (!features[requiredFeature]) {\n              console.log(`Skipping test \"${testName}\" for ${i.name} due to missing feature: ${requiredFeature}`);\n              this.skip();\n              return;\n            }\n\n            console.log(`Running test: ${testName} for implementation: ${i.name}`);\n            await generateTestResults(i.name, testConfig);\n            this.test.cell = {columnId: i.name, rowId: testName};\n            const result = await checkTestResults(i.name, testConfig);\n            console.log(`Test result for ${i.name} - ${testName}: ${result}`);\n            should.equal(result, testConfig.expected_result);\n\n            // Log the test result in a format that matches the report generator's expectations\n            console.log(`Reporter data: ${this.test.cell.columnId},${this.test.cell.rowId},${result}`);\n          }",
              "async": 0,
              "sync": true,
              "_timeout": 150000,
              "_slow": 75,
              "_retries": -1,
              "timedOut": false,
              "_currentRetry": 0,
              "pending": false,
              "file": "/home/runner/work/w3c-vc-jose-cose-test-suite/w3c-vc-jose-cose-test-suite/tests/test-runner.js",
              "parent": "-1usafxRa1PDCs2lGvbGV",
              "ctx": null,
              "_testId": "urn:uuid:2a4e8271-01ce-4c76-9faf-328888671104",
              "_events": {},
              "_eventsCount": 1,
              "timer": {
                "_idleTimeout": -1,
                "_idlePrev": null,
                "_idleNext": null,
                "_idleStart": 86365,
                "_onTimeout": null,
                "_repeat": null,
                "_destroyed": true
              },
              "cell": {
                "columnId": "independent",
                "rowId": "33. COSE Credential with an Invalid Media Type"
              },
              "duration": 443,
              "state": "passed",
              "speed": "slow"
            },
            {
              "type": "test",
              "title": "34. COSE Presentation with an Invalid Media Type",
              "body": "async function() {\n            if (!features[requiredFeature]) {\n              console.log(`Skipping test \"${testName}\" for ${i.name} due to missing feature: ${requiredFeature}`);\n              this.skip();\n              return;\n            }\n\n            console.log(`Running test: ${testName} for implementation: ${i.name}`);\n            await generateTestResults(i.name, testConfig);\n            this.test.cell = {columnId: i.name, rowId: testName};\n            const result = await checkTestResults(i.name, testConfig);\n            console.log(`Test result for ${i.name} - ${testName}: ${result}`);\n            should.equal(result, testConfig.expected_result);\n\n            // Log the test result in a format that matches the report generator's expectations\n            console.log(`Reporter data: ${this.test.cell.columnId},${this.test.cell.rowId},${result}`);\n          }",
              "async": 0,
              "sync": true,
              "_timeout": 150000,
              "_slow": 75,
              "_retries": -1,
              "timedOut": false,
              "_currentRetry": 0,
              "pending": false,
              "file": "/home/runner/work/w3c-vc-jose-cose-test-suite/w3c-vc-jose-cose-test-suite/tests/test-runner.js",
              "parent": "-1usafxRa1PDCs2lGvbGV",
              "ctx": null,
              "_testId": "urn:uuid:c5eec266-8b92-4a97-a456-b60a40333505",
              "_events": {},
              "_eventsCount": 1,
              "timer": {
                "_idleTimeout": -1,
                "_idlePrev": null,
                "_idleNext": null,
                "_idleStart": 86813,
                "_onTimeout": null,
                "_repeat": null,
                "_destroyed": true
              },
              "cell": {
                "columnId": "independent",
                "rowId": "34. COSE Presentation with an Invalid Media Type"
              },
              "duration": 447,
              "state": "passed",
              "speed": "slow"
            },
            {
              "type": "test",
              "title": "35. COSE Presentation with Invalid Credentials",
              "body": "async function() {\n            if (!features[requiredFeature]) {\n              console.log(`Skipping test \"${testName}\" for ${i.name} due to missing feature: ${requiredFeature}`);\n              this.skip();\n              return;\n            }\n\n            console.log(`Running test: ${testName} for implementation: ${i.name}`);\n            await generateTestResults(i.name, testConfig);\n            this.test.cell = {columnId: i.name, rowId: testName};\n            const result = await checkTestResults(i.name, testConfig);\n            console.log(`Test result for ${i.name} - ${testName}: ${result}`);\n            should.equal(result, testConfig.expected_result);\n\n            // Log the test result in a format that matches the report generator's expectations\n            console.log(`Reporter data: ${this.test.cell.columnId},${this.test.cell.rowId},${result}`);\n          }",
              "async": 0,
              "sync": true,
              "_timeout": 150000,
              "_slow": 75,
              "_retries": -1,
              "timedOut": false,
              "_currentRetry": 0,
              "pending": false,
              "file": "/home/runner/work/w3c-vc-jose-cose-test-suite/w3c-vc-jose-cose-test-suite/tests/test-runner.js",
              "parent": "-1usafxRa1PDCs2lGvbGV",
              "ctx": null,
              "_testId": "urn:uuid:a5f5d1ea-4f7c-4fea-b5ce-c6bd93f36791",
              "_events": {},
              "_eventsCount": 1,
              "timer": {
                "_idleTimeout": -1,
                "_idlePrev": null,
                "_idleNext": null,
                "_idleStart": 87246,
                "_onTimeout": null,
                "_repeat": null,
                "_destroyed": true
              },
              "cell": {
                "columnId": "independent",
                "rowId": "35. COSE Presentation with Invalid Credentials"
              },
              "duration": 433,
              "state": "passed",
              "speed": "slow"
            }
          ],
          "root": false,
          "pending": false,
          "_retries": -1,
          "_beforeEach": [],
          "_beforeAll": [],
          "_afterEach": [],
          "_afterAll": [],
          "_timeout": 150000,
          "_slow": 75,
          "_bail": false,
          "_onlyTests": [],
          "_onlySuites": [],
          "delayed": false,
          "parent": "Sp7ESBkAZ4iyClzI9Bdv8",
          "file": "/home/runner/work/w3c-vc-jose-cose-test-suite/w3c-vc-jose-cose-test-suite/tests/test-runner.js",
          "_testId": "urn:uuid:d7973746-eb95-4ab8-a367-297b77ac4ab0"
        },
        {
          "title": "mavennet",
          "ctx": null,
          "suites": [],
          "tests": [
            {
              "type": "test",
              "title": "27. COSE Basic Credential Issuance",
              "body": "async function() {\n            if (!features[requiredFeature]) {\n              console.log(`Skipping test \"${testName}\" for ${i.name} due to missing feature: ${requiredFeature}`);\n              this.skip();\n              return;\n            }\n\n            console.log(`Running test: ${testName} for implementation: ${i.name}`);\n            await generateTestResults(i.name, testConfig);\n            this.test.cell = {columnId: i.name, rowId: testName};\n            const result = await checkTestResults(i.name, testConfig);\n            console.log(`Test result for ${i.name} - ${testName}: ${result}`);\n            should.equal(result, testConfig.expected_result);\n\n            // Log the test result in a format that matches the report generator's expectations\n            console.log(`Reporter data: ${this.test.cell.columnId},${this.test.cell.rowId},${result}`);\n          }",
              "async": 0,
              "sync": true,
              "_timeout": 150000,
              "_slow": 75,
              "_retries": -1,
              "timedOut": false,
              "_currentRetry": 0,
              "pending": true,
              "file": "/home/runner/work/w3c-vc-jose-cose-test-suite/w3c-vc-jose-cose-test-suite/tests/test-runner.js",
              "parent": "Ws9zd6KF00qU624W-_ndr",
              "ctx": null,
              "_testId": "urn:uuid:2eb0eea7-a667-4485-932a-df5d8d985176",
              "_events": {},
              "_eventsCount": 1,
              "timer": {
                "_idleTimeout": -1,
                "_idlePrev": null,
                "_idleNext": null,
                "_idleStart": 87397,
                "_onTimeout": null,
                "_repeat": null,
                "_destroyed": true
              },
              "duration": 0,
              "state": "pending"
            },
            {
              "type": "test",
              "title": "28. COSE Basic Presentation Issuance",
              "body": "async function() {\n            if (!features[requiredFeature]) {\n              console.log(`Skipping test \"${testName}\" for ${i.name} due to missing feature: ${requiredFeature}`);\n              this.skip();\n              return;\n            }\n\n            console.log(`Running test: ${testName} for implementation: ${i.name}`);\n            await generateTestResults(i.name, testConfig);\n            this.test.cell = {columnId: i.name, rowId: testName};\n            const result = await checkTestResults(i.name, testConfig);\n            console.log(`Test result for ${i.name} - ${testName}: ${result}`);\n            should.equal(result, testConfig.expected_result);\n\n            // Log the test result in a format that matches the report generator's expectations\n            console.log(`Reporter data: ${this.test.cell.columnId},${this.test.cell.rowId},${result}`);\n          }",
              "async": 0,
              "sync": true,
              "_timeout": 150000,
              "_slow": 75,
              "_retries": -1,
              "timedOut": false,
              "_currentRetry": 0,
              "pending": true,
              "file": "/home/runner/work/w3c-vc-jose-cose-test-suite/w3c-vc-jose-cose-test-suite/tests/test-runner.js",
              "parent": "Ws9zd6KF00qU624W-_ndr",
              "ctx": null,
              "_testId": "urn:uuid:2ebe68f4-e80d-41d8-85b4-3bd95b7b9882",
              "_events": {},
              "_eventsCount": 1,
              "timer": {
                "_idleTimeout": -1,
                "_idlePrev": null,
                "_idleNext": null,
                "_idleStart": 87397,
                "_onTimeout": null,
                "_repeat": null,
                "_destroyed": true
              },
              "duration": 0,
              "state": "pending"
            },
            {
              "type": "test",
              "title": "29. COSE Basic Credential Verification",
              "body": "async function() {\n            if (!features[requiredFeature]) {\n              console.log(`Skipping test \"${testName}\" for ${i.name} due to missing feature: ${requiredFeature}`);\n              this.skip();\n              return;\n            }\n\n            console.log(`Running test: ${testName} for implementation: ${i.name}`);\n            await generateTestResults(i.name, testConfig);\n            this.test.cell = {columnId: i.name, rowId: testName};\n            const result = await checkTestResults(i.name, testConfig);\n            console.log(`Test result for ${i.name} - ${testName}: ${result}`);\n            should.equal(result, testConfig.expected_result);\n\n            // Log the test result in a format that matches the report generator's expectations\n            console.log(`Reporter data: ${this.test.cell.columnId},${this.test.cell.rowId},${result}`);\n          }",
              "async": 0,
              "sync": true,
              "_timeout": 150000,
              "_slow": 75,
              "_retries": -1,
              "timedOut": false,
              "_currentRetry": 0,
              "pending": true,
              "file": "/home/runner/work/w3c-vc-jose-cose-test-suite/w3c-vc-jose-cose-test-suite/tests/test-runner.js",
              "parent": "Ws9zd6KF00qU624W-_ndr",
              "ctx": null,
              "_testId": "urn:uuid:894b8df6-06f2-4d59-9cc0-aa3f19379ce2",
              "_events": {},
              "_eventsCount": 1,
              "timer": {
                "_idleTimeout": -1,
                "_idlePrev": null,
                "_idleNext": null,
                "_idleStart": 87397,
                "_onTimeout": null,
                "_repeat": null,
                "_destroyed": true
              },
              "duration": 1,
              "state": "pending"
            },
            {
              "type": "test",
              "title": "30. COSE Credential Verification Incorrect Encoding",
              "body": "async function() {\n            if (!features[requiredFeature]) {\n              console.log(`Skipping test \"${testName}\" for ${i.name} due to missing feature: ${requiredFeature}`);\n              this.skip();\n              return;\n            }\n\n            console.log(`Running test: ${testName} for implementation: ${i.name}`);\n            await generateTestResults(i.name, testConfig);\n            this.test.cell = {columnId: i.name, rowId: testName};\n            const result = await checkTestResults(i.name, testConfig);\n            console.log(`Test result for ${i.name} - ${testName}: ${result}`);\n            should.equal(result, testConfig.expected_result);\n\n            // Log the test result in a format that matches the report generator's expectations\n            console.log(`Reporter data: ${this.test.cell.columnId},${this.test.cell.rowId},${result}`);\n          }",
              "async": 0,
              "sync": true,
              "_timeout": 150000,
              "_slow": 75,
              "_retries": -1,
              "timedOut": false,
              "_currentRetry": 0,
              "pending": true,
              "file": "/home/runner/work/w3c-vc-jose-cose-test-suite/w3c-vc-jose-cose-test-suite/tests/test-runner.js",
              "parent": "Ws9zd6KF00qU624W-_ndr",
              "ctx": null,
              "_testId": "urn:uuid:0470ff23-7b8d-4abe-ade7-be4b26efd4fd",
              "_events": {},
              "_eventsCount": 1,
              "timer": {
                "_idleTimeout": -1,
                "_idlePrev": null,
                "_idleNext": null,
                "_idleStart": 87398,
                "_onTimeout": null,
                "_repeat": null,
                "_destroyed": true
              },
              "duration": 0,
              "state": "pending"
            },
            {
              "type": "test",
              "title": "31. COSE Basic Presentation Verification",
              "body": "async function() {\n            if (!features[requiredFeature]) {\n              console.log(`Skipping test \"${testName}\" for ${i.name} due to missing feature: ${requiredFeature}`);\n              this.skip();\n              return;\n            }\n\n            console.log(`Running test: ${testName} for implementation: ${i.name}`);\n            await generateTestResults(i.name, testConfig);\n            this.test.cell = {columnId: i.name, rowId: testName};\n            const result = await checkTestResults(i.name, testConfig);\n            console.log(`Test result for ${i.name} - ${testName}: ${result}`);\n            should.equal(result, testConfig.expected_result);\n\n            // Log the test result in a format that matches the report generator's expectations\n            console.log(`Reporter data: ${this.test.cell.columnId},${this.test.cell.rowId},${result}`);\n          }",
              "async": 0,
              "sync": true,
              "_timeout": 150000,
              "_slow": 75,
              "_retries": -1,
              "timedOut": false,
              "_currentRetry": 0,
              "pending": true,
              "file": "/home/runner/work/w3c-vc-jose-cose-test-suite/w3c-vc-jose-cose-test-suite/tests/test-runner.js",
              "parent": "Ws9zd6KF00qU624W-_ndr",
              "ctx": null,
              "_testId": "urn:uuid:cd1a4f9a-0bdd-4778-9575-f6c441a3fa47",
              "_events": {},
              "_eventsCount": 1,
              "timer": {
                "_idleTimeout": -1,
                "_idlePrev": null,
                "_idleNext": null,
                "_idleStart": 87398,
                "_onTimeout": null,
                "_repeat": null,
                "_destroyed": true
              },
              "duration": 0,
              "state": "pending"
            },
            {
              "type": "test",
              "title": "32. COSE Credential With an Invalid Signature",
              "body": "async function() {\n            if (!features[requiredFeature]) {\n              console.log(`Skipping test \"${testName}\" for ${i.name} due to missing feature: ${requiredFeature}`);\n              this.skip();\n              return;\n            }\n\n            console.log(`Running test: ${testName} for implementation: ${i.name}`);\n            await generateTestResults(i.name, testConfig);\n            this.test.cell = {columnId: i.name, rowId: testName};\n            const result = await checkTestResults(i.name, testConfig);\n            console.log(`Test result for ${i.name} - ${testName}: ${result}`);\n            should.equal(result, testConfig.expected_result);\n\n            // Log the test result in a format that matches the report generator's expectations\n            console.log(`Reporter data: ${this.test.cell.columnId},${this.test.cell.rowId},${result}`);\n          }",
              "async": 0,
              "sync": true,
              "_timeout": 150000,
              "_slow": 75,
              "_retries": -1,
              "timedOut": false,
              "_currentRetry": 0,
              "pending": true,
              "file": "/home/runner/work/w3c-vc-jose-cose-test-suite/w3c-vc-jose-cose-test-suite/tests/test-runner.js",
              "parent": "Ws9zd6KF00qU624W-_ndr",
              "ctx": null,
              "_testId": "urn:uuid:6953b265-8a61-49b2-8c9d-d7adae0e47d7",
              "_events": {},
              "_eventsCount": 1,
              "timer": {
                "_idleTimeout": -1,
                "_idlePrev": null,
                "_idleNext": null,
                "_idleStart": 87398,
                "_onTimeout": null,
                "_repeat": null,
                "_destroyed": true
              },
              "duration": 0,
              "state": "pending"
            },
            {
              "type": "test",
              "title": "33. COSE Credential with an Invalid Media Type",
              "body": "async function() {\n            if (!features[requiredFeature]) {\n              console.log(`Skipping test \"${testName}\" for ${i.name} due to missing feature: ${requiredFeature}`);\n              this.skip();\n              return;\n            }\n\n            console.log(`Running test: ${testName} for implementation: ${i.name}`);\n            await generateTestResults(i.name, testConfig);\n            this.test.cell = {columnId: i.name, rowId: testName};\n            const result = await checkTestResults(i.name, testConfig);\n            console.log(`Test result for ${i.name} - ${testName}: ${result}`);\n            should.equal(result, testConfig.expected_result);\n\n            // Log the test result in a format that matches the report generator's expectations\n            console.log(`Reporter data: ${this.test.cell.columnId},${this.test.cell.rowId},${result}`);\n          }",
              "async": 0,
              "sync": true,
              "_timeout": 150000,
              "_slow": 75,
              "_retries": -1,
              "timedOut": false,
              "_currentRetry": 0,
              "pending": true,
              "file": "/home/runner/work/w3c-vc-jose-cose-test-suite/w3c-vc-jose-cose-test-suite/tests/test-runner.js",
              "parent": "Ws9zd6KF00qU624W-_ndr",
              "ctx": null,
              "_testId": "urn:uuid:878f553f-0070-438a-96f6-65ed8ef31c9f",
              "_events": {},
              "_eventsCount": 1,
              "timer": {
                "_idleTimeout": -1,
                "_idlePrev": null,
                "_idleNext": null,
                "_idleStart": 87398,
                "_onTimeout": null,
                "_repeat": null,
                "_destroyed": true
              },
              "duration": 0,
              "state": "pending"
            },
            {
              "type": "test",
              "title": "34. COSE Presentation with an Invalid Media Type",
              "body": "async function() {\n            if (!features[requiredFeature]) {\n              console.log(`Skipping test \"${testName}\" for ${i.name} due to missing feature: ${requiredFeature}`);\n              this.skip();\n              return;\n            }\n\n            console.log(`Running test: ${testName} for implementation: ${i.name}`);\n            await generateTestResults(i.name, testConfig);\n            this.test.cell = {columnId: i.name, rowId: testName};\n            const result = await checkTestResults(i.name, testConfig);\n            console.log(`Test result for ${i.name} - ${testName}: ${result}`);\n            should.equal(result, testConfig.expected_result);\n\n            // Log the test result in a format that matches the report generator's expectations\n            console.log(`Reporter data: ${this.test.cell.columnId},${this.test.cell.rowId},${result}`);\n          }",
              "async": 0,
              "sync": true,
              "_timeout": 150000,
              "_slow": 75,
              "_retries": -1,
              "timedOut": false,
              "_currentRetry": 0,
              "pending": true,
              "file": "/home/runner/work/w3c-vc-jose-cose-test-suite/w3c-vc-jose-cose-test-suite/tests/test-runner.js",
              "parent": "Ws9zd6KF00qU624W-_ndr",
              "ctx": null,
              "_testId": "urn:uuid:7bf17a62-4541-46bd-93b5-ba4f083afd80",
              "_events": {},
              "_eventsCount": 1,
              "timer": {
                "_idleTimeout": -1,
                "_idlePrev": null,
                "_idleNext": null,
                "_idleStart": 87398,
                "_onTimeout": null,
                "_repeat": null,
                "_destroyed": true
              },
              "duration": 0,
              "state": "pending"
            },
            {
              "type": "test",
              "title": "35. COSE Presentation with Invalid Credentials",
              "body": "async function() {\n            if (!features[requiredFeature]) {\n              console.log(`Skipping test \"${testName}\" for ${i.name} due to missing feature: ${requiredFeature}`);\n              this.skip();\n              return;\n            }\n\n            console.log(`Running test: ${testName} for implementation: ${i.name}`);\n            await generateTestResults(i.name, testConfig);\n            this.test.cell = {columnId: i.name, rowId: testName};\n            const result = await checkTestResults(i.name, testConfig);\n            console.log(`Test result for ${i.name} - ${testName}: ${result}`);\n            should.equal(result, testConfig.expected_result);\n\n            // Log the test result in a format that matches the report generator's expectations\n            console.log(`Reporter data: ${this.test.cell.columnId},${this.test.cell.rowId},${result}`);\n          }",
              "async": 0,
              "sync": true,
              "_timeout": 150000,
              "_slow": 75,
              "_retries": -1,
              "timedOut": false,
              "_currentRetry": 0,
              "pending": true,
              "file": "/home/runner/work/w3c-vc-jose-cose-test-suite/w3c-vc-jose-cose-test-suite/tests/test-runner.js",
              "parent": "Ws9zd6KF00qU624W-_ndr",
              "ctx": null,
              "_testId": "urn:uuid:78d1aa07-8dc6-4ef5-8fa0-78bb9c3ab837",
              "_events": {},
              "_eventsCount": 1,
              "timer": {
                "_idleTimeout": -1,
                "_idlePrev": null,
                "_idleNext": null,
                "_idleStart": 87399,
                "_onTimeout": null,
                "_repeat": null,
                "_destroyed": true
              },
              "duration": 0,
              "state": "pending"
            }
          ],
          "root": false,
          "pending": false,
          "_retries": -1,
          "_beforeEach": [],
          "_beforeAll": [],
          "_afterEach": [],
          "_afterAll": [],
          "_timeout": 150000,
          "_slow": 75,
          "_bail": false,
          "_onlyTests": [],
          "_onlySuites": [],
          "delayed": false,
          "parent": "Sp7ESBkAZ4iyClzI9Bdv8",
          "file": "/home/runner/work/w3c-vc-jose-cose-test-suite/w3c-vc-jose-cose-test-suite/tests/test-runner.js",
          "_testId": "urn:uuid:f1107206-62a9-49f1-81c0-e0c8c284ec30"
        }
      ],
      "tests": [
        {
          "type": "test",
          "title": "27. COSE Basic Credential Issuance",
          "body": "async function() {\n            if (!features[requiredFeature]) {\n              console.log(`Skipping test \"${testName}\" for ${i.name} due to missing feature: ${requiredFeature}`);\n              this.skip();\n              return;\n            }\n\n            console.log(`Running test: ${testName} for implementation: ${i.name}`);\n            await generateTestResults(i.name, testConfig);\n            this.test.cell = {columnId: i.name, rowId: testName};\n            const result = await checkTestResults(i.name, testConfig);\n            console.log(`Test result for ${i.name} - ${testName}: ${result}`);\n            should.equal(result, testConfig.expected_result);\n\n            // Log the test result in a format that matches the report generator's expectations\n            console.log(`Reporter data: ${this.test.cell.columnId},${this.test.cell.rowId},${result}`);\n          }",
          "async": 0,
          "sync": true,
          "_timeout": 150000,
          "_slow": 75,
          "_retries": -1,
          "timedOut": false,
          "_currentRetry": 0,
          "pending": false,
          "file": "/home/runner/work/w3c-vc-jose-cose-test-suite/w3c-vc-jose-cose-test-suite/tests/test-runner.js",
          "parent": "-1usafxRa1PDCs2lGvbGV",
          "ctx": null,
          "_testId": "urn:uuid:f1460c8c-7440-4feb-9170-b20be646d3c5",
          "_events": {},
          "_eventsCount": 1,
          "timer": {
            "_idleTimeout": -1,
            "_idlePrev": null,
            "_idleNext": null,
            "_idleStart": 83704,
            "_onTimeout": null,
            "_repeat": null,
            "_destroyed": true
          },
          "cell": {
            "columnId": "independent",
            "rowId": "27. COSE Basic Credential Issuance"
          },
          "duration": 453,
          "state": "passed",
          "speed": "slow"
        },
        {
          "type": "test",
          "title": "28. COSE Basic Presentation Issuance",
          "body": "async function() {\n            if (!features[requiredFeature]) {\n              console.log(`Skipping test \"${testName}\" for ${i.name} due to missing feature: ${requiredFeature}`);\n              this.skip();\n              return;\n            }\n\n            console.log(`Running test: ${testName} for implementation: ${i.name}`);\n            await generateTestResults(i.name, testConfig);\n            this.test.cell = {columnId: i.name, rowId: testName};\n            const result = await checkTestResults(i.name, testConfig);\n            console.log(`Test result for ${i.name} - ${testName}: ${result}`);\n            should.equal(result, testConfig.expected_result);\n\n            // Log the test result in a format that matches the report generator's expectations\n            console.log(`Reporter data: ${this.test.cell.columnId},${this.test.cell.rowId},${result}`);\n          }",
          "async": 0,
          "sync": true,
          "_timeout": 150000,
          "_slow": 75,
          "_retries": -1,
          "timedOut": false,
          "_currentRetry": 0,
          "pending": false,
          "file": "/home/runner/work/w3c-vc-jose-cose-test-suite/w3c-vc-jose-cose-test-suite/tests/test-runner.js",
          "parent": "-1usafxRa1PDCs2lGvbGV",
          "ctx": null,
          "_testId": "urn:uuid:1ac49fba-88d9-4255-aca5-fa76661dee5a",
          "_events": {},
          "_eventsCount": 1,
          "timer": {
            "_idleTimeout": -1,
            "_idlePrev": null,
            "_idleNext": null,
            "_idleStart": 84151,
            "_onTimeout": null,
            "_repeat": null,
            "_destroyed": true
          },
          "cell": {
            "columnId": "independent",
            "rowId": "28. COSE Basic Presentation Issuance"
          },
          "duration": 446,
          "state": "passed",
          "speed": "slow"
        },
        {
          "type": "test",
          "title": "29. COSE Basic Credential Verification",
          "body": "async function() {\n            if (!features[requiredFeature]) {\n              console.log(`Skipping test \"${testName}\" for ${i.name} due to missing feature: ${requiredFeature}`);\n              this.skip();\n              return;\n            }\n\n            console.log(`Running test: ${testName} for implementation: ${i.name}`);\n            await generateTestResults(i.name, testConfig);\n            this.test.cell = {columnId: i.name, rowId: testName};\n            const result = await checkTestResults(i.name, testConfig);\n            console.log(`Test result for ${i.name} - ${testName}: ${result}`);\n            should.equal(result, testConfig.expected_result);\n\n            // Log the test result in a format that matches the report generator's expectations\n            console.log(`Reporter data: ${this.test.cell.columnId},${this.test.cell.rowId},${result}`);\n          }",
          "async": 0,
          "sync": true,
          "_timeout": 150000,
          "_slow": 75,
          "_retries": -1,
          "timedOut": false,
          "_currentRetry": 0,
          "pending": false,
          "file": "/home/runner/work/w3c-vc-jose-cose-test-suite/w3c-vc-jose-cose-test-suite/tests/test-runner.js",
          "parent": "-1usafxRa1PDCs2lGvbGV",
          "ctx": null,
          "_testId": "urn:uuid:2abac29a-f45a-4fa3-b7b3-22bb82c40378",
          "_events": {},
          "_eventsCount": 1,
          "timer": {
            "_idleTimeout": -1,
            "_idlePrev": null,
            "_idleNext": null,
            "_idleStart": 84584,
            "_onTimeout": null,
            "_repeat": null,
            "_destroyed": true
          },
          "cell": {
            "columnId": "independent",
            "rowId": "29. COSE Basic Credential Verification"
          },
          "duration": 432,
          "state": "passed",
          "speed": "slow"
        },
        {
          "type": "test",
          "title": "30. COSE Credential Verification Incorrect Encoding",
          "body": "async function() {\n            if (!features[requiredFeature]) {\n              console.log(`Skipping test \"${testName}\" for ${i.name} due to missing feature: ${requiredFeature}`);\n              this.skip();\n              return;\n            }\n\n            console.log(`Running test: ${testName} for implementation: ${i.name}`);\n            await generateTestResults(i.name, testConfig);\n            this.test.cell = {columnId: i.name, rowId: testName};\n            const result = await checkTestResults(i.name, testConfig);\n            console.log(`Test result for ${i.name} - ${testName}: ${result}`);\n            should.equal(result, testConfig.expected_result);\n\n            // Log the test result in a format that matches the report generator's expectations\n            console.log(`Reporter data: ${this.test.cell.columnId},${this.test.cell.rowId},${result}`);\n          }",
          "async": 0,
          "sync": true,
          "_timeout": 150000,
          "_slow": 75,
          "_retries": -1,
          "timedOut": false,
          "_currentRetry": 0,
          "pending": false,
          "file": "/home/runner/work/w3c-vc-jose-cose-test-suite/w3c-vc-jose-cose-test-suite/tests/test-runner.js",
          "parent": "-1usafxRa1PDCs2lGvbGV",
          "ctx": null,
          "_testId": "urn:uuid:0819dd97-5335-4665-8765-0e9ec123a6a9",
          "_events": {},
          "_eventsCount": 1,
          "timer": {
            "_idleTimeout": -1,
            "_idlePrev": null,
            "_idleNext": null,
            "_idleStart": 85038,
            "_onTimeout": null,
            "_repeat": null,
            "_destroyed": true
          },
          "cell": {
            "columnId": "independent",
            "rowId": "30. COSE Credential Verification Incorrect Encoding"
          },
          "duration": 453,
          "state": "passed",
          "speed": "slow"
        },
        {
          "type": "test",
          "title": "31. COSE Basic Presentation Verification",
          "body": "async function() {\n            if (!features[requiredFeature]) {\n              console.log(`Skipping test \"${testName}\" for ${i.name} due to missing feature: ${requiredFeature}`);\n              this.skip();\n              return;\n            }\n\n            console.log(`Running test: ${testName} for implementation: ${i.name}`);\n            await generateTestResults(i.name, testConfig);\n            this.test.cell = {columnId: i.name, rowId: testName};\n            const result = await checkTestResults(i.name, testConfig);\n            console.log(`Test result for ${i.name} - ${testName}: ${result}`);\n            should.equal(result, testConfig.expected_result);\n\n            // Log the test result in a format that matches the report generator's expectations\n            console.log(`Reporter data: ${this.test.cell.columnId},${this.test.cell.rowId},${result}`);\n          }",
          "async": 0,
          "sync": true,
          "_timeout": 150000,
          "_slow": 75,
          "_retries": -1,
          "timedOut": false,
          "_currentRetry": 0,
          "pending": false,
          "file": "/home/runner/work/w3c-vc-jose-cose-test-suite/w3c-vc-jose-cose-test-suite/tests/test-runner.js",
          "parent": "-1usafxRa1PDCs2lGvbGV",
          "ctx": null,
          "_testId": "urn:uuid:e8b91051-ec48-4bd0-8e25-24172af0b6fc",
          "_events": {},
          "_eventsCount": 1,
          "timer": {
            "_idleTimeout": -1,
            "_idlePrev": null,
            "_idleNext": null,
            "_idleStart": 85487,
            "_onTimeout": null,
            "_repeat": null,
            "_destroyed": true
          },
          "cell": {
            "columnId": "independent",
            "rowId": "31. COSE Basic Presentation Verification"
          },
          "duration": 448,
          "state": "passed",
          "speed": "slow"
        },
        {
          "type": "test",
          "title": "32. COSE Credential With an Invalid Signature",
          "body": "async function() {\n            if (!features[requiredFeature]) {\n              console.log(`Skipping test \"${testName}\" for ${i.name} due to missing feature: ${requiredFeature}`);\n              this.skip();\n              return;\n            }\n\n            console.log(`Running test: ${testName} for implementation: ${i.name}`);\n            await generateTestResults(i.name, testConfig);\n            this.test.cell = {columnId: i.name, rowId: testName};\n            const result = await checkTestResults(i.name, testConfig);\n            console.log(`Test result for ${i.name} - ${testName}: ${result}`);\n            should.equal(result, testConfig.expected_result);\n\n            // Log the test result in a format that matches the report generator's expectations\n            console.log(`Reporter data: ${this.test.cell.columnId},${this.test.cell.rowId},${result}`);\n          }",
          "async": 0,
          "sync": true,
          "_timeout": 150000,
          "_slow": 75,
          "_retries": -1,
          "timedOut": false,
          "_currentRetry": 0,
          "pending": false,
          "file": "/home/runner/work/w3c-vc-jose-cose-test-suite/w3c-vc-jose-cose-test-suite/tests/test-runner.js",
          "parent": "-1usafxRa1PDCs2lGvbGV",
          "ctx": null,
          "_testId": "urn:uuid:f615e6b7-9dcb-4a4e-ad54-13aae6c53ecf",
          "_events": {},
          "_eventsCount": 1,
          "timer": {
            "_idleTimeout": -1,
            "_idlePrev": null,
            "_idleNext": null,
            "_idleStart": 85921,
            "_onTimeout": null,
            "_repeat": null,
            "_destroyed": true
          },
          "cell": {
            "columnId": "independent",
            "rowId": "32. COSE Credential With an Invalid Signature"
          },
          "duration": 433,
          "state": "passed",
          "speed": "slow"
        },
        {
          "type": "test",
          "title": "33. COSE Credential with an Invalid Media Type",
          "body": "async function() {\n            if (!features[requiredFeature]) {\n              console.log(`Skipping test \"${testName}\" for ${i.name} due to missing feature: ${requiredFeature}`);\n              this.skip();\n              return;\n            }\n\n            console.log(`Running test: ${testName} for implementation: ${i.name}`);\n            await generateTestResults(i.name, testConfig);\n            this.test.cell = {columnId: i.name, rowId: testName};\n            const result = await checkTestResults(i.name, testConfig);\n            console.log(`Test result for ${i.name} - ${testName}: ${result}`);\n            should.equal(result, testConfig.expected_result);\n\n            // Log the test result in a format that matches the report generator's expectations\n            console.log(`Reporter data: ${this.test.cell.columnId},${this.test.cell.rowId},${result}`);\n          }",
          "async": 0,
          "sync": true,
          "_timeout": 150000,
          "_slow": 75,
          "_retries": -1,
          "timedOut": false,
          "_currentRetry": 0,
          "pending": false,
          "file": "/home/runner/work/w3c-vc-jose-cose-test-suite/w3c-vc-jose-cose-test-suite/tests/test-runner.js",
          "parent": "-1usafxRa1PDCs2lGvbGV",
          "ctx": null,
          "_testId": "urn:uuid:2a4e8271-01ce-4c76-9faf-328888671104",
          "_events": {},
          "_eventsCount": 1,
          "timer": {
            "_idleTimeout": -1,
            "_idlePrev": null,
            "_idleNext": null,
            "_idleStart": 86365,
            "_onTimeout": null,
            "_repeat": null,
            "_destroyed": true
          },
          "cell": {
            "columnId": "independent",
            "rowId": "33. COSE Credential with an Invalid Media Type"
          },
          "duration": 443,
          "state": "passed",
          "speed": "slow"
        },
        {
          "type": "test",
          "title": "34. COSE Presentation with an Invalid Media Type",
          "body": "async function() {\n            if (!features[requiredFeature]) {\n              console.log(`Skipping test \"${testName}\" for ${i.name} due to missing feature: ${requiredFeature}`);\n              this.skip();\n              return;\n            }\n\n            console.log(`Running test: ${testName} for implementation: ${i.name}`);\n            await generateTestResults(i.name, testConfig);\n            this.test.cell = {columnId: i.name, rowId: testName};\n            const result = await checkTestResults(i.name, testConfig);\n            console.log(`Test result for ${i.name} - ${testName}: ${result}`);\n            should.equal(result, testConfig.expected_result);\n\n            // Log the test result in a format that matches the report generator's expectations\n            console.log(`Reporter data: ${this.test.cell.columnId},${this.test.cell.rowId},${result}`);\n          }",
          "async": 0,
          "sync": true,
          "_timeout": 150000,
          "_slow": 75,
          "_retries": -1,
          "timedOut": false,
          "_currentRetry": 0,
          "pending": false,
          "file": "/home/runner/work/w3c-vc-jose-cose-test-suite/w3c-vc-jose-cose-test-suite/tests/test-runner.js",
          "parent": "-1usafxRa1PDCs2lGvbGV",
          "ctx": null,
          "_testId": "urn:uuid:c5eec266-8b92-4a97-a456-b60a40333505",
          "_events": {},
          "_eventsCount": 1,
          "timer": {
            "_idleTimeout": -1,
            "_idlePrev": null,
            "_idleNext": null,
            "_idleStart": 86813,
            "_onTimeout": null,
            "_repeat": null,
            "_destroyed": true
          },
          "cell": {
            "columnId": "independent",
            "rowId": "34. COSE Presentation with an Invalid Media Type"
          },
          "duration": 447,
          "state": "passed",
          "speed": "slow"
        },
        {
          "type": "test",
          "title": "35. COSE Presentation with Invalid Credentials",
          "body": "async function() {\n            if (!features[requiredFeature]) {\n              console.log(`Skipping test \"${testName}\" for ${i.name} due to missing feature: ${requiredFeature}`);\n              this.skip();\n              return;\n            }\n\n            console.log(`Running test: ${testName} for implementation: ${i.name}`);\n            await generateTestResults(i.name, testConfig);\n            this.test.cell = {columnId: i.name, rowId: testName};\n            const result = await checkTestResults(i.name, testConfig);\n            console.log(`Test result for ${i.name} - ${testName}: ${result}`);\n            should.equal(result, testConfig.expected_result);\n\n            // Log the test result in a format that matches the report generator's expectations\n            console.log(`Reporter data: ${this.test.cell.columnId},${this.test.cell.rowId},${result}`);\n          }",
          "async": 0,
          "sync": true,
          "_timeout": 150000,
          "_slow": 75,
          "_retries": -1,
          "timedOut": false,
          "_currentRetry": 0,
          "pending": false,
          "file": "/home/runner/work/w3c-vc-jose-cose-test-suite/w3c-vc-jose-cose-test-suite/tests/test-runner.js",
          "parent": "-1usafxRa1PDCs2lGvbGV",
          "ctx": null,
          "_testId": "urn:uuid:a5f5d1ea-4f7c-4fea-b5ce-c6bd93f36791",
          "_events": {},
          "_eventsCount": 1,
          "timer": {
            "_idleTimeout": -1,
            "_idlePrev": null,
            "_idleNext": null,
            "_idleStart": 87246,
            "_onTimeout": null,
            "_repeat": null,
            "_destroyed": true
          },
          "cell": {
            "columnId": "independent",
            "rowId": "35. COSE Presentation with Invalid Credentials"
          },
          "duration": 433,
          "state": "passed",
          "speed": "slow"
        },
        {
          "type": "test",
          "title": "27. COSE Basic Credential Issuance",
          "body": "async function() {\n            if (!features[requiredFeature]) {\n              console.log(`Skipping test \"${testName}\" for ${i.name} due to missing feature: ${requiredFeature}`);\n              this.skip();\n              return;\n            }\n\n            console.log(`Running test: ${testName} for implementation: ${i.name}`);\n            await generateTestResults(i.name, testConfig);\n            this.test.cell = {columnId: i.name, rowId: testName};\n            const result = await checkTestResults(i.name, testConfig);\n            console.log(`Test result for ${i.name} - ${testName}: ${result}`);\n            should.equal(result, testConfig.expected_result);\n\n            // Log the test result in a format that matches the report generator's expectations\n            console.log(`Reporter data: ${this.test.cell.columnId},${this.test.cell.rowId},${result}`);\n          }",
          "async": 0,
          "sync": true,
          "_timeout": 150000,
          "_slow": 75,
          "_retries": -1,
          "timedOut": false,
          "_currentRetry": 0,
          "pending": true,
          "file": "/home/runner/work/w3c-vc-jose-cose-test-suite/w3c-vc-jose-cose-test-suite/tests/test-runner.js",
          "parent": "Ws9zd6KF00qU624W-_ndr",
          "ctx": null,
          "_testId": "urn:uuid:2eb0eea7-a667-4485-932a-df5d8d985176",
          "_events": {},
          "_eventsCount": 1,
          "timer": {
            "_idleTimeout": -1,
            "_idlePrev": null,
            "_idleNext": null,
            "_idleStart": 87397,
            "_onTimeout": null,
            "_repeat": null,
            "_destroyed": true
          },
          "duration": 0,
          "state": "pending"
        },
        {
          "type": "test",
          "title": "28. COSE Basic Presentation Issuance",
          "body": "async function() {\n            if (!features[requiredFeature]) {\n              console.log(`Skipping test \"${testName}\" for ${i.name} due to missing feature: ${requiredFeature}`);\n              this.skip();\n              return;\n            }\n\n            console.log(`Running test: ${testName} for implementation: ${i.name}`);\n            await generateTestResults(i.name, testConfig);\n            this.test.cell = {columnId: i.name, rowId: testName};\n            const result = await checkTestResults(i.name, testConfig);\n            console.log(`Test result for ${i.name} - ${testName}: ${result}`);\n            should.equal(result, testConfig.expected_result);\n\n            // Log the test result in a format that matches the report generator's expectations\n            console.log(`Reporter data: ${this.test.cell.columnId},${this.test.cell.rowId},${result}`);\n          }",
          "async": 0,
          "sync": true,
          "_timeout": 150000,
          "_slow": 75,
          "_retries": -1,
          "timedOut": false,
          "_currentRetry": 0,
          "pending": true,
          "file": "/home/runner/work/w3c-vc-jose-cose-test-suite/w3c-vc-jose-cose-test-suite/tests/test-runner.js",
          "parent": "Ws9zd6KF00qU624W-_ndr",
          "ctx": null,
          "_testId": "urn:uuid:2ebe68f4-e80d-41d8-85b4-3bd95b7b9882",
          "_events": {},
          "_eventsCount": 1,
          "timer": {
            "_idleTimeout": -1,
            "_idlePrev": null,
            "_idleNext": null,
            "_idleStart": 87397,
            "_onTimeout": null,
            "_repeat": null,
            "_destroyed": true
          },
          "duration": 0,
          "state": "pending"
        },
        {
          "type": "test",
          "title": "29. COSE Basic Credential Verification",
          "body": "async function() {\n            if (!features[requiredFeature]) {\n              console.log(`Skipping test \"${testName}\" for ${i.name} due to missing feature: ${requiredFeature}`);\n              this.skip();\n              return;\n            }\n\n            console.log(`Running test: ${testName} for implementation: ${i.name}`);\n            await generateTestResults(i.name, testConfig);\n            this.test.cell = {columnId: i.name, rowId: testName};\n            const result = await checkTestResults(i.name, testConfig);\n            console.log(`Test result for ${i.name} - ${testName}: ${result}`);\n            should.equal(result, testConfig.expected_result);\n\n            // Log the test result in a format that matches the report generator's expectations\n            console.log(`Reporter data: ${this.test.cell.columnId},${this.test.cell.rowId},${result}`);\n          }",
          "async": 0,
          "sync": true,
          "_timeout": 150000,
          "_slow": 75,
          "_retries": -1,
          "timedOut": false,
          "_currentRetry": 0,
          "pending": true,
          "file": "/home/runner/work/w3c-vc-jose-cose-test-suite/w3c-vc-jose-cose-test-suite/tests/test-runner.js",
          "parent": "Ws9zd6KF00qU624W-_ndr",
          "ctx": null,
          "_testId": "urn:uuid:894b8df6-06f2-4d59-9cc0-aa3f19379ce2",
          "_events": {},
          "_eventsCount": 1,
          "timer": {
            "_idleTimeout": -1,
            "_idlePrev": null,
            "_idleNext": null,
            "_idleStart": 87397,
            "_onTimeout": null,
            "_repeat": null,
            "_destroyed": true
          },
          "duration": 1,
          "state": "pending"
        },
        {
          "type": "test",
          "title": "30. COSE Credential Verification Incorrect Encoding",
          "body": "async function() {\n            if (!features[requiredFeature]) {\n              console.log(`Skipping test \"${testName}\" for ${i.name} due to missing feature: ${requiredFeature}`);\n              this.skip();\n              return;\n            }\n\n            console.log(`Running test: ${testName} for implementation: ${i.name}`);\n            await generateTestResults(i.name, testConfig);\n            this.test.cell = {columnId: i.name, rowId: testName};\n            const result = await checkTestResults(i.name, testConfig);\n            console.log(`Test result for ${i.name} - ${testName}: ${result}`);\n            should.equal(result, testConfig.expected_result);\n\n            // Log the test result in a format that matches the report generator's expectations\n            console.log(`Reporter data: ${this.test.cell.columnId},${this.test.cell.rowId},${result}`);\n          }",
          "async": 0,
          "sync": true,
          "_timeout": 150000,
          "_slow": 75,
          "_retries": -1,
          "timedOut": false,
          "_currentRetry": 0,
          "pending": true,
          "file": "/home/runner/work/w3c-vc-jose-cose-test-suite/w3c-vc-jose-cose-test-suite/tests/test-runner.js",
          "parent": "Ws9zd6KF00qU624W-_ndr",
          "ctx": null,
          "_testId": "urn:uuid:0470ff23-7b8d-4abe-ade7-be4b26efd4fd",
          "_events": {},
          "_eventsCount": 1,
          "timer": {
            "_idleTimeout": -1,
            "_idlePrev": null,
            "_idleNext": null,
            "_idleStart": 87398,
            "_onTimeout": null,
            "_repeat": null,
            "_destroyed": true
          },
          "duration": 0,
          "state": "pending"
        },
        {
          "type": "test",
          "title": "31. COSE Basic Presentation Verification",
          "body": "async function() {\n            if (!features[requiredFeature]) {\n              console.log(`Skipping test \"${testName}\" for ${i.name} due to missing feature: ${requiredFeature}`);\n              this.skip();\n              return;\n            }\n\n            console.log(`Running test: ${testName} for implementation: ${i.name}`);\n            await generateTestResults(i.name, testConfig);\n            this.test.cell = {columnId: i.name, rowId: testName};\n            const result = await checkTestResults(i.name, testConfig);\n            console.log(`Test result for ${i.name} - ${testName}: ${result}`);\n            should.equal(result, testConfig.expected_result);\n\n            // Log the test result in a format that matches the report generator's expectations\n            console.log(`Reporter data: ${this.test.cell.columnId},${this.test.cell.rowId},${result}`);\n          }",
          "async": 0,
          "sync": true,
          "_timeout": 150000,
          "_slow": 75,
          "_retries": -1,
          "timedOut": false,
          "_currentRetry": 0,
          "pending": true,
          "file": "/home/runner/work/w3c-vc-jose-cose-test-suite/w3c-vc-jose-cose-test-suite/tests/test-runner.js",
          "parent": "Ws9zd6KF00qU624W-_ndr",
          "ctx": null,
          "_testId": "urn:uuid:cd1a4f9a-0bdd-4778-9575-f6c441a3fa47",
          "_events": {},
          "_eventsCount": 1,
          "timer": {
            "_idleTimeout": -1,
            "_idlePrev": null,
            "_idleNext": null,
            "_idleStart": 87398,
            "_onTimeout": null,
            "_repeat": null,
            "_destroyed": true
          },
          "duration": 0,
          "state": "pending"
        },
        {
          "type": "test",
          "title": "32. COSE Credential With an Invalid Signature",
          "body": "async function() {\n            if (!features[requiredFeature]) {\n              console.log(`Skipping test \"${testName}\" for ${i.name} due to missing feature: ${requiredFeature}`);\n              this.skip();\n              return;\n            }\n\n            console.log(`Running test: ${testName} for implementation: ${i.name}`);\n            await generateTestResults(i.name, testConfig);\n            this.test.cell = {columnId: i.name, rowId: testName};\n            const result = await checkTestResults(i.name, testConfig);\n            console.log(`Test result for ${i.name} - ${testName}: ${result}`);\n            should.equal(result, testConfig.expected_result);\n\n            // Log the test result in a format that matches the report generator's expectations\n            console.log(`Reporter data: ${this.test.cell.columnId},${this.test.cell.rowId},${result}`);\n          }",
          "async": 0,
          "sync": true,
          "_timeout": 150000,
          "_slow": 75,
          "_retries": -1,
          "timedOut": false,
          "_currentRetry": 0,
          "pending": true,
          "file": "/home/runner/work/w3c-vc-jose-cose-test-suite/w3c-vc-jose-cose-test-suite/tests/test-runner.js",
          "parent": "Ws9zd6KF00qU624W-_ndr",
          "ctx": null,
          "_testId": "urn:uuid:6953b265-8a61-49b2-8c9d-d7adae0e47d7",
          "_events": {},
          "_eventsCount": 1,
          "timer": {
            "_idleTimeout": -1,
            "_idlePrev": null,
            "_idleNext": null,
            "_idleStart": 87398,
            "_onTimeout": null,
            "_repeat": null,
            "_destroyed": true
          },
          "duration": 0,
          "state": "pending"
        },
        {
          "type": "test",
          "title": "33. COSE Credential with an Invalid Media Type",
          "body": "async function() {\n            if (!features[requiredFeature]) {\n              console.log(`Skipping test \"${testName}\" for ${i.name} due to missing feature: ${requiredFeature}`);\n              this.skip();\n              return;\n            }\n\n            console.log(`Running test: ${testName} for implementation: ${i.name}`);\n            await generateTestResults(i.name, testConfig);\n            this.test.cell = {columnId: i.name, rowId: testName};\n            const result = await checkTestResults(i.name, testConfig);\n            console.log(`Test result for ${i.name} - ${testName}: ${result}`);\n            should.equal(result, testConfig.expected_result);\n\n            // Log the test result in a format that matches the report generator's expectations\n            console.log(`Reporter data: ${this.test.cell.columnId},${this.test.cell.rowId},${result}`);\n          }",
          "async": 0,
          "sync": true,
          "_timeout": 150000,
          "_slow": 75,
          "_retries": -1,
          "timedOut": false,
          "_currentRetry": 0,
          "pending": true,
          "file": "/home/runner/work/w3c-vc-jose-cose-test-suite/w3c-vc-jose-cose-test-suite/tests/test-runner.js",
          "parent": "Ws9zd6KF00qU624W-_ndr",
          "ctx": null,
          "_testId": "urn:uuid:878f553f-0070-438a-96f6-65ed8ef31c9f",
          "_events": {},
          "_eventsCount": 1,
          "timer": {
            "_idleTimeout": -1,
            "_idlePrev": null,
            "_idleNext": null,
            "_idleStart": 87398,
            "_onTimeout": null,
            "_repeat": null,
            "_destroyed": true
          },
          "duration": 0,
          "state": "pending"
        },
        {
          "type": "test",
          "title": "34. COSE Presentation with an Invalid Media Type",
          "body": "async function() {\n            if (!features[requiredFeature]) {\n              console.log(`Skipping test \"${testName}\" for ${i.name} due to missing feature: ${requiredFeature}`);\n              this.skip();\n              return;\n            }\n\n            console.log(`Running test: ${testName} for implementation: ${i.name}`);\n            await generateTestResults(i.name, testConfig);\n            this.test.cell = {columnId: i.name, rowId: testName};\n            const result = await checkTestResults(i.name, testConfig);\n            console.log(`Test result for ${i.name} - ${testName}: ${result}`);\n            should.equal(result, testConfig.expected_result);\n\n            // Log the test result in a format that matches the report generator's expectations\n            console.log(`Reporter data: ${this.test.cell.columnId},${this.test.cell.rowId},${result}`);\n          }",
          "async": 0,
          "sync": true,
          "_timeout": 150000,
          "_slow": 75,
          "_retries": -1,
          "timedOut": false,
          "_currentRetry": 0,
          "pending": true,
          "file": "/home/runner/work/w3c-vc-jose-cose-test-suite/w3c-vc-jose-cose-test-suite/tests/test-runner.js",
          "parent": "Ws9zd6KF00qU624W-_ndr",
          "ctx": null,
          "_testId": "urn:uuid:7bf17a62-4541-46bd-93b5-ba4f083afd80",
          "_events": {},
          "_eventsCount": 1,
          "timer": {
            "_idleTimeout": -1,
            "_idlePrev": null,
            "_idleNext": null,
            "_idleStart": 87398,
            "_onTimeout": null,
            "_repeat": null,
            "_destroyed": true
          },
          "duration": 0,
          "state": "pending"
        },
        {
          "type": "test",
          "title": "35. COSE Presentation with Invalid Credentials",
          "body": "async function() {\n            if (!features[requiredFeature]) {\n              console.log(`Skipping test \"${testName}\" for ${i.name} due to missing feature: ${requiredFeature}`);\n              this.skip();\n              return;\n            }\n\n            console.log(`Running test: ${testName} for implementation: ${i.name}`);\n            await generateTestResults(i.name, testConfig);\n            this.test.cell = {columnId: i.name, rowId: testName};\n            const result = await checkTestResults(i.name, testConfig);\n            console.log(`Test result for ${i.name} - ${testName}: ${result}`);\n            should.equal(result, testConfig.expected_result);\n\n            // Log the test result in a format that matches the report generator's expectations\n            console.log(`Reporter data: ${this.test.cell.columnId},${this.test.cell.rowId},${result}`);\n          }",
          "async": 0,
          "sync": true,
          "_timeout": 150000,
          "_slow": 75,
          "_retries": -1,
          "timedOut": false,
          "_currentRetry": 0,
          "pending": true,
          "file": "/home/runner/work/w3c-vc-jose-cose-test-suite/w3c-vc-jose-cose-test-suite/tests/test-runner.js",
          "parent": "Ws9zd6KF00qU624W-_ndr",
          "ctx": null,
          "_testId": "urn:uuid:78d1aa07-8dc6-4ef5-8fa0-78bb9c3ab837",
          "_events": {},
          "_eventsCount": 1,
          "timer": {
            "_idleTimeout": -1,
            "_idlePrev": null,
            "_idleNext": null,
            "_idleStart": 87399,
            "_onTimeout": null,
            "_repeat": null,
            "_destroyed": true
          },
          "duration": 0,
          "state": "pending"
        }
      ],
      "root": false,
      "pending": false,
      "_retries": -1,
      "_beforeEach": [],
      "_beforeAll": [],
      "_afterEach": [],
      "_afterAll": [],
      "_timeout": 150000,
      "_slow": 75,
      "_bail": false,
      "_onlyTests": [],
      "_onlySuites": [],
      "delayed": false,
      "parent": "L09jRv2ot9ktYdXPwPKkN",
      "file": "/home/runner/work/w3c-vc-jose-cose-test-suite/w3c-vc-jose-cose-test-suite/tests/test-runner.js",
      "matrix": true,
      "report": true,
      "implemented": [
        "independent",
        "mavennet"
      ],
      "rowLabel": "Test Name",
      "columnLabel": "Implementation",
      "_testId": "urn:uuid:322eb6e4-6e8a-463f-9357-3db4338d033a"
    }
  ],
  "tests": [],
  "root": true,
  "pending": false,
  "_retries": -1,
  "_beforeEach": [],
  "_beforeAll": [],
  "_afterEach": [],
  "_afterAll": [],
  "_timeout": 150000,
  "_slow": 75,
  "_bail": false,
  "_onlyTests": [],
  "_onlySuites": [],
  "delayed": false,
  "_events": {
    "pre-require": [
      null,
      null
    ]
  },
  "_eventsCount": 1,
  "_testId": "urn:uuid:cfd93843-ef36-4656-b9bc-7fa69ad00324"
}